Task_ID,Machine_ID,Network_Slice_ID,Task_Type,Execution_Time,Machine_Status,Reallocation,Latency_ms,Sensor_Temp_C,URLLC_Score,Target
T0001,M04,NS_1,Drilling,10.52,Overloaded,Yes,3.71,73.9,0.98,1
T0002,M05,NS_1,Welding,10.52,Maintenance,No,3.71,73.9,0.98,1
T0003,M03,NS_3,Assembling,10.52,Overloaded,Yes,3.71,73.9,0.98,1
T0004,M05,NS_2,Cutting,10.52,Overloaded,Yes,3.71,73.9,0.98,1
T0005,M05,NS_1,Assembling,10.52,Overloaded,No,3.71,73.9,0.98,1
T0006,M02,NS_3,Drilling,10.52,Active,Yes,3.71,73.9,0.98,0
T0007,M03,NS_2,Assembling,10.52,Maintenance,No,3.71,73.9,0.98,1
T0008,M03,NS_1,Cutting,10.52,Idle,Yes,3.71,73.9,0.98,1
T0009,M03,NS_2,Assembling,10.52,Active,Yes,3.71,73.9,0.98,1
T0010,M05,NS_3,Drilling,10.52,Active,Yes,3.71,73.9,0.98,1
T0011,M04,NS_1,Welding,10.52,Active,Yes,3.71,73.9,0.98,1
T0012,M03,NS_2,Assembling,10.52,Idle,No,3.71,73.9,0.98,1
T0013,M05,NS_1,Drilling,10.52,Maintenance,Yes,3.71,73.9,0.98,1
T0014,M02,NS_2,Drilling,10.52,Maintenance,No,3.71,73.9,0.98,1
T0015,M04,NS_3,Cutting,10.52,Maintenance,Yes,3.71,73.9,0.98,1
T0016,M02,NS_3,Cutting,10.52,Overloaded,Yes,3.71,73.9,0.98,1
T0017,M04,NS_1,Assembling,10.52,Overloaded,Yes,3.71,73.9,0.98,0
T0018,M05,NS_2,Welding,10.52,Overloaded,Yes,3.71,73.9,0.98,1
T0019,M01,NS_1,Drilling,10.52,Idle,No,3.71,73.9,0.98,1
T0020,M04,NS_1,Assembling,10.52,Overloaded,No,3.71,73.9,0.98,1
T0021,M02,NS_2,Drilling,10.52,Idle,No,3.71,73.9,0.98,0
T0022,M05,NS_2,Drilling,10.52,Maintenance,No,3.71,73.9,0.98,1
T0023,M04,NS_2,Welding,10.52,Overloaded,Yes,3.71,73.9,0.98,0
T0024,M01,NS_3,Welding,10.52,Overloaded,No,3.71,73.9,0.98,1
T0025,M01,NS_1,Assembling,10.52,Active,No,3.71,73.9,0.98,1
T0026,M03,NS_1,Welding,10.52,Idle,Yes,3.71,73.9,0.98,1
T0027,M03,NS_3,Welding,10.52,Maintenance,Yes,3.71,73.9,0.98,1
T0028,M02,NS_2,Assembling,10.52,Active,Yes,3.71,73.9,0.98,1
T0029,M04,NS_3,Welding,10.52,Active,Yes,3.71,73.9,0.98,1
T0030,M04,NS_3,Cutting,10.52,Maintenance,No,3.71,73.9,0.98,1
T0031,M03,NS_3,Drilling,10.52,Active,No,3.71,73.9,0.98,1
T0032,M04,NS_1,Drilling,10.52,Idle,Yes,3.71,73.9,0.98,0
T0033,M04,NS_3,Drilling,10.52,Idle,Yes,3.71,73.9,0.98,1
T0034,M01,NS_1,Drilling,10.52,Overloaded,Yes,3.71,73.9,0.98,1
T0035,M03,NS_1,Assembling,10.52,Active,No,3.71,73.9,0.98,1
T0036,M05,NS_1,Drilling,10.52,Overloaded,No,3.71,73.9,0.98,0
T0037,M03,NS_2,Drilling,10.52,Active,Yes,3.71,73.9,0.98,1
T0038,M05,NS_1,Drilling,10.52,Idle,Yes,3.71,73.9,0.98,1
T0039,M01,NS_1,Drilling,10.52,Idle,No,3.71,73.9,0.98,1
T0040,M02,NS_2,Cutting,10.52,Idle,Yes,3.71,73.9,0.98,0
T0041,M04,NS_1,Drilling,10.52,Active,Yes,3.71,73.9,0.98,1
T0042,M01,NS_3,Cutting,10.52,Idle,No,3.71,73.9,0.98,0
T0043,M04,NS_3,Assembling,10.52,Active,Yes,3.71,73.9,0.98,1
T0044,M02,NS_1,Welding,10.52,Overloaded,No,3.71,73.9,0.98,1
T0045,M02,NS_2,Drilling,10.52,Active,Yes,3.71,73.9,0.98,1
T0046,M01,NS_3,Welding,10.52,Overloaded,Yes,3.71,73.9,0.98,1
T0047,M02,NS_2,Welding,10.52,Active,No,3.71,73.9,0.98,1
T0048,M05,NS_2,Assembling,10.52,Overloaded,No,3.71,73.9,0.98,1
T0049,M02,NS_3,Welding,10.52,Idle,Yes,3.71,73.9,0.98,1
T0050,M04,NS_2,Cutting,10.52,Overloaded,No,3.71,73.9,0.98,1
T0051,M04,NS_3,Welding,10.52,Idle,Yes,3.71,73.9,0.98,1
T0052,M04,NS_2,Welding,10.52,Idle,Yes,3.71,73.9,0.98,1
T0053,M04,NS_3,Welding,10.52,Overloaded,No,3.71,73.9,0.98,0
T0054,M05,NS_1,Drilling,10.52,Active,Yes,3.71,73.9,0.98,1
T0055,M03,NS_3,Drilling,10.52,Active,Yes,3.71,73.9,0.98,0
T0056,M01,NS_3,Cutting,10.52,Maintenance,No,3.71,73.9,0.98,1
T0057,M04,NS_3,Cutting,10.52,Active,No,3.71,73.9,0.98,1
T0058,M02,NS_3,Drilling,10.52,Maintenance,Yes,3.71,73.9,0.98,1
T0059,M04,NS_2,Cutting,10.52,Active,No,3.71,73.9,0.98,1
T0060,M02,NS_1,Drilling,10.52,Active,No,3.71,73.9,0.98,1
T0061,M02,NS_3,Assembling,10.52,Idle,No,3.71,73.9,0.98,1
T0062,M04,NS_2,Welding,10.52,Maintenance,No,3.71,73.9,0.98,1
T0063,M05,NS_1,Welding,10.52,Active,Yes,3.71,73.9,0.98,1
T0064,M02,NS_1,Cutting,10.52,Maintenance,Yes,3.71,73.9,0.98,0
T0065,M02,NS_1,Drilling,10.52,Idle,Yes,3.71,73.9,0.98,1
T0066,M04,NS_1,Drilling,10.52,Idle,No,3.71,73.9,0.98,1
T0067,M02,NS_3,Cutting,10.52,Maintenance,No,3.71,73.9,0.98,1
T0068,M02,NS_3,Drilling,10.52,Idle,No,3.71,73.9,0.98,1
T0069,M04,NS_2,Assembling,10.52,Overloaded,No,3.71,73.9,0.98,1
T0070,M04,NS_2,Welding,10.52,Overloaded,No,3.71,73.9,0.98,0
T0071,M01,NS_2,Cutting,10.52,Idle,No,3.71,73.9,0.98,1
T0072,M05,NS_1,Cutting,10.52,Overloaded,No,3.71,73.9,0.98,1
T0073,M05,NS_1,Drilling,10.52,Active,Yes,3.71,73.9,0.98,1
T0074,M02,NS_3,Cutting,10.52,Maintenance,Yes,3.71,73.9,0.98,1
T0075,M05,NS_1,Assembling,10.52,Active,No,3.71,73.9,0.98,1
T0076,M02,NS_1,Drilling,10.52,Maintenance,No,3.71,73.9,0.98,0
T0077,M01,NS_1,Drilling,10.52,Idle,No,3.71,73.9,0.98,1
T0078,M04,NS_2,Drilling,10.52,Active,Yes,3.71,73.9,0.98,1
T0079,M04,NS_2,Drilling,10.52,Idle,Yes,3.71,73.9,0.98,0
T0080,M04,NS_3,Assembling,10.52,Idle,No,3.71,73.9,0.98,1
T0081,M05,NS_1,Drilling,10.52,Maintenance,No,3.71,73.9,0.98,1
T0082,M01,NS_1,Cutting,10.52,Maintenance,Yes,3.71,73.9,0.98,1
T0083,M05,NS_3,Assembling,10.52,Maintenance,Yes,3.71,73.9,0.98,1
T0084,M05,NS_1,Welding,10.52,Active,Yes,3.71,73.9,0.98,0
T0085,M01,NS_1,Welding,10.52,Overloaded,Yes,3.71,73.9,0.98,1
T0086,M01,NS_2,Cutting,10.52,Maintenance,No,3.71,73.9,0.98,0
T0087,M01,NS_3,Cutting,10.52,Maintenance,Yes,3.71,73.9,0.98,1
T0088,M01,NS_3,Assembling,10.52,Active,Yes,3.71,73.9,0.98,0
T0089,M04,NS_3,Welding,10.52,Maintenance,No,3.71,73.9,0.98,1
T0090,M03,NS_3,Welding,10.52,Active,Yes,3.71,73.9,0.98,1
T0091,M03,NS_2,Welding,10.52,Idle,Yes,3.71,73.9,0.98,1
T0092,M01,NS_2,Welding,10.52,Maintenance,Yes,3.71,73.9,0.98,1
T0093,M03,NS_1,Welding,10.52,Maintenance,No,3.71,73.9,0.98,1
T0094,M03,NS_1,Drilling,10.52,Idle,Yes,3.71,73.9,0.98,1
T0095,M01,NS_1,Cutting,10.52,Idle,No,3.71,73.9,0.98,1
T0096,M03,NS_1,Drilling,10.52,Idle,No,3.71,73.9,0.98,1
T0097,M05,NS_2,Welding,10.52,Maintenance,Yes,3.71,73.9,0.98,1
T0098,M02,NS_3,Assembling,10.52,Overloaded,Yes,3.71,73.9,0.98,1
T0099,M02,NS_2,Assembling,10.52,Overloaded,Yes,3.71,73.9,0.98,1
T0100,M01,NS_1,Welding,10.52,Overloaded,Yes,3.71,73.9,0.98,1
T0101,M04,NS_2,Welding,10.52,Maintenance,No,3.71,73.9,0.98,1
T0102,M01,NS_3,Assembling,10.52,Idle,Yes,3.71,73.9,0.98,1
T0103,M04,NS_3,Drilling,10.52,Maintenance,Yes,3.71,73.9,0.98,0
T0104,M02,NS_2,Drilling,10.52,Idle,Yes,3.71,73.9,0.98,0
T0105,M01,NS_2,Welding,10.52,Maintenance,No,3.71,73.9,0.98,1
T0106,M05,NS_2,Drilling,10.52,Maintenance,Yes,3.71,73.9,0.98,1
T0107,M03,NS_1,Assembling,10.52,Idle,Yes,3.71,73.9,0.98,0
T0108,M04,NS_2,Drilling,10.52,Overloaded,No,3.71,73.9,0.98,1
T0109,M03,NS_2,Welding,10.52,Idle,No,3.71,73.9,0.98,1
T0110,M03,NS_2,Assembling,10.52,Active,Yes,3.71,73.9,0.98,1
T0111,M01,NS_3,Drilling,10.52,Active,Yes,3.71,73.9,0.98,1
T0112,M03,NS_3,Cutting,10.52,Idle,Yes,3.71,73.9,0.98,0
T0113,M05,NS_1,Assembling,10.52,Maintenance,Yes,3.71,73.9,0.98,1
T0114,M03,NS_1,Assembling,10.52,Active,Yes,3.71,73.9,0.98,1
T0115,M01,NS_3,Cutting,10.52,Active,No,3.71,73.9,0.98,1
T0116,M05,NS_3,Cutting,10.52,Maintenance,No,3.71,73.9,0.98,1
T0117,M02,NS_3,Assembling,10.52,Maintenance,Yes,3.71,73.9,0.98,1
T0118,M03,NS_2,Cutting,10.52,Overloaded,Yes,3.71,73.9,0.98,1
T0119,M01,NS_2,Welding,10.52,Maintenance,No,3.71,73.9,0.98,1
T0120,M02,NS_3,Welding,10.52,Idle,Yes,3.71,73.9,0.98,1
T0121,M02,NS_2,Welding,10.52,Idle,Yes,3.71,73.9,0.98,1
T0122,M04,NS_2,Assembling,10.52,Overloaded,Yes,3.71,73.9,0.98,1
T0123,M05,NS_1,Cutting,10.52,Active,Yes,3.71,73.9,0.98,0
T0124,M03,NS_3,Cutting,10.52,Active,Yes,3.71,73.9,0.98,0
T0125,M01,NS_3,Drilling,10.52,Maintenance,No,3.71,73.9,0.98,1
T0126,M04,NS_2,Drilling,10.52,Idle,Yes,3.71,73.9,0.98,1
T0127,M05,NS_3,Cutting,10.52,Active,Yes,3.71,73.9,0.98,1
T0128,M04,NS_1,Cutting,10.52,Overloaded,Yes,3.71,73.9,0.98,1
T0129,M05,NS_1,Cutting,10.52,Overloaded,No,3.71,73.9,0.98,1
T0130,M05,NS_1,Assembling,10.52,Idle,No,3.71,73.9,0.98,1
T0131,M03,NS_3,Cutting,10.52,Overloaded,No,3.71,73.9,0.98,1
T0132,M05,NS_3,Drilling,10.52,Overloaded,No,3.71,73.9,0.98,1
T0133,M04,NS_3,Assembling,10.52,Idle,Yes,3.71,73.9,0.98,0
T0134,M05,NS_3,Cutting,10.52,Maintenance,No,3.71,73.9,0.98,1
T0135,M03,NS_3,Drilling,10.52,Maintenance,Yes,3.71,73.9,0.98,1
T0136,M03,NS_1,Assembling,10.52,Overloaded,Yes,3.71,73.9,0.98,1
T0137,M04,NS_2,Cutting,10.52,Maintenance,No,3.71,73.9,0.98,1
T0138,M02,NS_1,Cutting,10.52,Maintenance,No,3.71,73.9,0.98,1
T0139,M02,NS_3,Cutting,10.52,Overloaded,No,3.71,73.9,0.98,1
T0140,M05,NS_1,Assembling,10.52,Maintenance,No,3.71,73.9,0.98,0
T0141,M01,NS_3,Drilling,10.52,Overloaded,No,3.71,73.9,0.98,1
T0142,M05,NS_3,Drilling,10.52,Active,Yes,3.71,73.9,0.98,1
T0143,M04,NS_1,Welding,10.52,Idle,No,3.71,73.9,0.98,0
T0144,M04,NS_3,Cutting,10.52,Idle,No,3.71,73.9,0.98,0
T0145,M04,NS_2,Welding,10.52,Maintenance,No,3.71,73.9,0.98,1
T0146,M04,NS_3,Welding,10.52,Maintenance,Yes,3.71,73.9,0.98,0
T0147,M04,NS_2,Drilling,10.52,Maintenance,No,3.71,73.9,0.98,1
T0148,M03,NS_2,Assembling,10.52,Idle,Yes,3.71,73.9,0.98,1
T0149,M02,NS_3,Assembling,10.52,Active,No,3.71,73.9,0.98,1
T0150,M04,NS_1,Drilling,10.52,Active,No,3.71,73.9,0.98,1
T0151,M01,NS_2,Assembling,10.52,Idle,Yes,3.71,73.9,0.98,1
T0152,M01,NS_1,Welding,10.52,Active,No,3.71,73.9,0.98,1
T0153,M01,NS_2,Cutting,10.52,Idle,Yes,3.71,73.9,0.98,0
T0154,M01,NS_3,Drilling,10.52,Active,Yes,3.71,73.9,0.98,1
T0155,M03,NS_3,Cutting,10.52,Overloaded,Yes,3.71,73.9,0.98,1
T0156,M01,NS_2,Assembling,10.52,Overloaded,No,3.71,73.9,0.98,1
T0157,M04,NS_3,Cutting,10.52,Idle,No,3.71,73.9,0.98,1
T0158,M05,NS_2,Assembling,10.52,Active,No,3.71,73.9,0.98,1
T0159,M01,NS_3,Assembling,10.52,Maintenance,Yes,3.71,73.9,0.98,0
T0160,M03,NS_1,Welding,10.52,Active,No,3.71,73.9,0.98,0
T0161,M03,NS_3,Assembling,10.52,Overloaded,Yes,3.71,73.9,0.98,1
T0162,M01,NS_1,Welding,10.52,Overloaded,No,3.71,73.9,0.98,1
T0163,M05,NS_3,Welding,10.52,Active,Yes,3.71,73.9,0.98,0
T0164,M01,NS_1,Welding,10.52,Active,Yes,3.71,73.9,0.98,1
T0165,M03,NS_3,Drilling,10.52,Maintenance,Yes,3.71,73.9,0.98,1
T0166,M02,NS_1,Drilling,10.52,Maintenance,No,3.71,73.9,0.98,1
T0167,M04,NS_2,Assembling,10.52,Active,Yes,3.71,73.9,0.98,1
T0168,M03,NS_2,Welding,10.52,Active,Yes,3.71,73.9,0.98,0
T0169,M01,NS_1,Drilling,10.52,Active,Yes,3.71,73.9,0.98,1
T0170,M04,NS_3,Welding,10.52,Active,Yes,3.71,73.9,0.98,1
T0171,M01,NS_1,Cutting,10.52,Idle,Yes,3.71,73.9,0.98,1
T0172,M01,NS_3,Cutting,10.52,Active,Yes,3.71,73.9,0.98,1
T0173,M02,NS_2,Cutting,10.52,Maintenance,No,3.71,73.9,0.98,0
T0174,M04,NS_3,Assembling,10.52,Overloaded,No,3.71,73.9,0.98,1
T0175,M04,NS_2,Welding,10.52,Idle,Yes,3.71,73.9,0.98,1
T0176,M02,NS_3,Cutting,10.52,Active,No,3.71,73.9,0.98,1
T0177,M03,NS_3,Drilling,10.52,Overloaded,No,3.71,73.9,0.98,1
T0178,M01,NS_3,Cutting,10.52,Idle,Yes,3.71,73.9,0.98,1
T0179,M05,NS_1,Cutting,10.52,Overloaded,Yes,3.71,73.9,0.98,1
T0180,M01,NS_1,Cutting,10.52,Active,Yes,3.71,73.9,0.98,1
T0181,M01,NS_2,Assembling,10.52,Active,No,3.71,73.9,0.98,1
T0182,M03,NS_2,Drilling,10.52,Maintenance,Yes,3.71,73.9,0.98,1
T0183,M01,NS_1,Welding,10.52,Active,No,3.71,73.9,0.98,1
T0184,M02,NS_2,Drilling,10.52,Active,Yes,3.71,73.9,0.98,1
T0185,M02,NS_1,Welding,10.52,Idle,No,3.71,73.9,0.98,0
T0186,M04,NS_3,Assembling,10.52,Maintenance,Yes,3.71,73.9,0.98,1
T0187,M05,NS_2,Assembling,10.52,Idle,Yes,3.71,73.9,0.98,1
T0188,M01,NS_2,Assembling,10.52,Overloaded,No,3.71,73.9,0.98,1
T0189,M01,NS_1,Assembling,10.52,Active,No,3.71,73.9,0.98,1
T0190,M03,NS_2,Welding,10.52,Overloaded,No,3.71,73.9,0.98,1
T0191,M02,NS_2,Cutting,10.52,Idle,No,3.71,73.9,0.98,1
T0192,M05,NS_3,Welding,10.52,Active,No,3.71,73.9,0.98,1
T0193,M04,NS_2,Drilling,10.52,Active,No,3.71,73.9,0.98,1
T0194,M02,NS_3,Assembling,10.52,Idle,Yes,3.71,73.9,0.98,1
T0195,M04,NS_1,Assembling,10.52,Idle,No,3.71,73.9,0.98,1
T0196,M03,NS_2,Drilling,10.52,Idle,Yes,3.71,73.9,0.98,1
T0197,M03,NS_3,Welding,10.52,Idle,Yes,3.71,73.9,0.98,1
T0198,M01,NS_1,Cutting,10.52,Idle,No,3.71,73.9,0.98,1
T0199,M05,NS_2,Cutting,10.52,Active,Yes,3.71,73.9,0.98,1
T0200,M04,NS_1,Drilling,10.52,Idle,No,3.71,73.9,0.98,1
T0201,M02,NS_2,Cutting,10.52,Active,No,3.71,73.9,0.98,1
T0202,M03,NS_1,Welding,10.52,Active,Yes,3.71,73.9,0.98,1
T0203,M01,NS_1,Welding,10.52,Idle,Yes,3.71,73.9,0.98,0
T0204,M01,NS_3,Drilling,10.52,Idle,No,3.71,73.9,0.98,1
T0205,M04,NS_1,Welding,10.52,Maintenance,No,3.71,73.9,0.98,1
T0206,M03,NS_2,Assembling,10.52,Active,Yes,3.71,73.9,0.98,1
T0207,M05,NS_2,Drilling,10.52,Idle,Yes,3.71,73.9,0.98,0
T0208,M03,NS_3,Welding,10.52,Idle,Yes,3.71,73.9,0.98,1
T0209,M04,NS_2,Drilling,10.52,Idle,Yes,3.71,73.9,0.98,1
T0210,M04,NS_2,Cutting,10.52,Maintenance,No,3.71,73.9,0.98,0
T0211,M03,NS_2,Welding,10.52,Maintenance,No,3.71,73.9,0.98,1
T0212,M04,NS_1,Assembling,10.52,Overloaded,No,3.71,73.9,0.98,1
T0213,M03,NS_1,Welding,10.52,Active,No,3.71,73.9,0.98,0
T0214,M02,NS_2,Drilling,10.52,Overloaded,Yes,3.71,73.9,0.98,1
T0215,M03,NS_3,Drilling,10.52,Idle,Yes,3.71,73.9,0.98,1
T0216,M03,NS_1,Welding,10.52,Maintenance,No,3.71,73.9,0.98,1
T0217,M04,NS_3,Assembling,10.52,Maintenance,No,3.71,73.9,0.98,1
T0218,M04,NS_2,Assembling,10.52,Overloaded,No,3.71,73.9,0.98,0
T0219,M01,NS_2,Assembling,10.52,Maintenance,No,3.71,73.9,0.98,0
T0220,M01,NS_1,Drilling,10.52,Idle,No,3.71,73.9,0.98,0
T0221,M02,NS_2,Welding,10.52,Maintenance,No,3.71,73.9,0.98,0
T0222,M01,NS_1,Cutting,10.52,Overloaded,No,3.71,73.9,0.98,1
T0223,M03,NS_2,Drilling,10.52,Idle,No,3.71,73.9,0.98,1
T0224,M04,NS_2,Assembling,10.52,Overloaded,No,3.71,73.9,0.98,1
T0225,M01,NS_1,Welding,10.52,Maintenance,Yes,3.71,73.9,0.98,1
T0226,M01,NS_1,Assembling,10.52,Overloaded,No,3.71,73.9,0.98,0
T0227,M02,NS_1,Cutting,10.52,Overloaded,Yes,3.71,73.9,0.98,1
T0228,M02,NS_2,Assembling,10.52,Active,Yes,3.71,73.9,0.98,1
T0229,M03,NS_2,Assembling,10.52,Maintenance,No,3.71,73.9,0.98,1
T0230,M04,NS_3,Cutting,10.52,Maintenance,No,3.71,73.9,0.98,1
T0231,M02,NS_1,Welding,10.52,Overloaded,Yes,3.71,73.9,0.98,1
T0232,M01,NS_2,Drilling,10.52,Active,Yes,3.71,73.9,0.98,1
T0233,M04,NS_2,Welding,10.52,Maintenance,No,3.71,73.9,0.98,1
T0234,M04,NS_1,Cutting,10.52,Idle,Yes,3.71,73.9,0.98,1
T0235,M01,NS_3,Assembling,10.52,Overloaded,No,3.71,73.9,0.98,1
T0236,M02,NS_1,Welding,10.52,Maintenance,No,3.71,73.9,0.98,1
T0237,M01,NS_3,Drilling,10.52,Idle,No,3.71,73.9,0.98,1
T0238,M04,NS_2,Cutting,10.52,Maintenance,Yes,3.71,73.9,0.98,1
T0239,M05,NS_3,Welding,10.52,Idle,Yes,3.71,73.9,0.98,1
T0240,M05,NS_2,Drilling,10.52,Overloaded,No,3.71,73.9,0.98,1
T0241,M03,NS_1,Cutting,10.52,Maintenance,Yes,3.71,73.9,0.98,1
T0242,M01,NS_1,Drilling,10.52,Maintenance,Yes,3.71,73.9,0.98,1
T0243,M01,NS_1,Cutting,10.52,Active,Yes,3.71,73.9,0.98,1
T0244,M03,NS_3,Assembling,10.52,Overloaded,Yes,3.71,73.9,0.98,0
T0245,M03,NS_2,Welding,10.52,Idle,Yes,3.71,73.9,0.98,1
T0246,M03,NS_1,Drilling,10.52,Maintenance,Yes,3.71,73.9,0.98,1
T0247,M04,NS_1,Cutting,10.52,Maintenance,Yes,3.71,73.9,0.98,1
T0248,M01,NS_2,Drilling,10.52,Idle,No,3.71,73.9,0.98,0
T0249,M04,NS_1,Drilling,10.52,Overloaded,Yes,3.71,73.9,0.98,1
T0250,M03,NS_2,Welding,10.52,Active,Yes,3.71,73.9,0.98,1
T0251,M01,NS_2,Assembling,10.52,Active,Yes,3.71,73.9,0.98,1
T0252,M04,NS_2,Drilling,10.52,Maintenance,Yes,3.71,73.9,0.98,1
T0253,M04,NS_2,Cutting,10.52,Idle,Yes,3.71,73.9,0.98,1
T0254,M03,NS_2,Cutting,10.52,Maintenance,Yes,3.71,73.9,0.98,1
T0255,M01,NS_3,Assembling,10.52,Idle,Yes,3.71,73.9,0.98,1
T0256,M03,NS_1,Cutting,10.52,Active,Yes,3.71,73.9,0.98,0
T0257,M01,NS_3,Assembling,10.52,Overloaded,No,3.71,73.9,0.98,1
T0258,M05,NS_1,Cutting,10.52,Idle,Yes,3.71,73.9,0.98,0
T0259,M02,NS_3,Welding,10.52,Active,Yes,3.71,73.9,0.98,1
T0260,M02,NS_2,Drilling,10.52,Maintenance,Yes,3.71,73.9,0.98,1
T0261,M02,NS_1,Welding,10.52,Idle,Yes,3.71,73.9,0.98,0
T0262,M03,NS_1,Drilling,10.52,Overloaded,No,3.71,73.9,0.98,0
T0263,M05,NS_3,Drilling,10.52,Maintenance,No,3.71,73.9,0.98,0
T0264,M01,NS_3,Drilling,10.52,Maintenance,No,3.71,73.9,0.98,1
T0265,M04,NS_1,Welding,10.52,Active,No,3.71,73.9,0.98,1
T0266,M01,NS_3,Drilling,10.52,Idle,No,3.71,73.9,0.98,1
T0267,M04,NS_3,Welding,10.52,Maintenance,No,3.71,73.9,0.98,0
T0268,M01,NS_3,Assembling,10.52,Overloaded,No,3.71,73.9,0.98,0
T0269,M05,NS_2,Cutting,10.52,Idle,No,3.71,73.9,0.98,0
T0270,M04,NS_2,Cutting,10.52,Overloaded,No,3.71,73.9,0.98,0
T0271,M03,NS_3,Drilling,10.52,Maintenance,No,3.71,73.9,0.98,1
T0272,M01,NS_3,Welding,10.52,Overloaded,No,3.71,73.9,0.98,1
T0273,M01,NS_2,Cutting,10.52,Active,No,3.71,73.9,0.98,1
T0274,M04,NS_2,Welding,10.52,Overloaded,No,3.71,73.9,0.98,0
T0275,M03,NS_1,Welding,10.52,Idle,No,3.71,73.9,0.98,1
T0276,M03,NS_1,Drilling,10.52,Overloaded,No,3.71,73.9,0.98,1
T0277,M05,NS_2,Cutting,10.52,Overloaded,No,3.71,73.9,0.98,1
T0278,M03,NS_3,Drilling,10.52,Active,Yes,3.71,73.9,0.98,1
T0279,M03,NS_3,Drilling,10.52,Overloaded,No,3.71,73.9,0.98,0
T0280,M03,NS_3,Cutting,10.52,Overloaded,Yes,3.71,73.9,0.98,1
T0281,M02,NS_3,Cutting,10.52,Maintenance,No,3.71,73.9,0.98,1
T0282,M05,NS_1,Assembling,10.52,Maintenance,No,3.71,73.9,0.98,1
T0283,M01,NS_2,Assembling,10.52,Idle,Yes,3.71,73.9,0.98,1
T0284,M04,NS_3,Welding,10.52,Maintenance,No,3.71,73.9,0.98,1
T0285,M01,NS_1,Cutting,10.52,Maintenance,Yes,3.71,73.9,0.98,1
T0286,M05,NS_3,Assembling,10.52,Maintenance,Yes,3.71,73.9,0.98,1
T0287,M04,NS_2,Welding,10.52,Maintenance,Yes,3.71,73.9,0.98,1
T0288,M05,NS_1,Welding,10.52,Active,No,3.71,73.9,0.98,1
T0289,M03,NS_2,Welding,10.52,Maintenance,No,3.71,73.9,0.98,1
T0290,M04,NS_2,Assembling,10.52,Active,No,3.71,73.9,0.98,1
T0291,M03,NS_1,Cutting,10.52,Active,Yes,3.71,73.9,0.98,0
T0292,M01,NS_1,Drilling,10.52,Maintenance,Yes,3.71,73.9,0.98,1
T0293,M01,NS_1,Welding,10.52,Overloaded,No,3.71,73.9,0.98,1
T0294,M04,NS_1,Assembling,10.52,Active,No,3.71,73.9,0.98,1
T0295,M04,NS_1,Assembling,10.52,Overloaded,No,3.71,73.9,0.98,1
T0296,M05,NS_1,Drilling,10.52,Overloaded,No,3.71,73.9,0.98,1
T0297,M05,NS_1,Drilling,10.52,Maintenance,No,3.71,73.9,0.98,0
T0298,M03,NS_3,Assembling,10.52,Idle,Yes,3.71,73.9,0.98,1
T0299,M04,NS_2,Cutting,10.52,Maintenance,Yes,3.71,73.9,0.98,0
T0300,M01,NS_1,Drilling,10.52,Idle,Yes,3.71,73.9,0.98,1
T0301,M05,NS_3,Assembling,10.52,Idle,No,3.71,73.9,0.98,0
T0302,M05,NS_3,Drilling,10.52,Maintenance,Yes,3.71,73.9,0.98,1
T0303,M01,NS_3,Cutting,10.52,Maintenance,Yes,3.71,73.9,0.98,1
T0304,M05,NS_2,Welding,10.52,Idle,Yes,3.71,73.9,0.98,1
T0305,M03,NS_1,Drilling,10.52,Maintenance,Yes,3.71,73.9,0.98,1
T0306,M04,NS_3,Cutting,10.52,Idle,Yes,3.71,73.9,0.98,1
T0307,M01,NS_2,Assembling,10.52,Overloaded,No,3.71,73.9,0.98,1
T0308,M04,NS_2,Drilling,10.52,Maintenance,Yes,3.71,73.9,0.98,1
T0309,M05,NS_2,Drilling,10.52,Overloaded,No,3.71,73.9,0.98,0
T0310,M05,NS_3,Assembling,10.52,Active,No,3.71,73.9,0.98,1
T0311,M01,NS_1,Welding,10.52,Overloaded,No,3.71,73.9,0.98,0
T0312,M03,NS_3,Assembling,10.52,Overloaded,No,3.71,73.9,0.98,1
T0313,M02,NS_3,Drilling,10.52,Idle,No,3.71,73.9,0.98,1
T0314,M01,NS_1,Assembling,10.52,Overloaded,Yes,3.71,73.9,0.98,1
T0315,M02,NS_1,Cutting,10.52,Maintenance,Yes,3.71,73.9,0.98,1
T0316,M02,NS_1,Assembling,10.52,Idle,No,3.71,73.9,0.98,1
T0317,M03,NS_2,Drilling,10.52,Active,No,3.71,73.9,0.98,0
T0318,M02,NS_1,Assembling,10.52,Maintenance,No,3.71,73.9,0.98,1
T0319,M02,NS_3,Welding,10.52,Active,Yes,3.71,73.9,0.98,1
T0320,M03,NS_1,Assembling,10.52,Overloaded,No,3.71,73.9,0.98,1
T0321,M02,NS_3,Welding,10.52,Maintenance,Yes,3.71,73.9,0.98,1
T0322,M02,NS_2,Cutting,10.52,Maintenance,No,3.71,73.9,0.98,1
T0323,M02,NS_3,Welding,10.52,Active,Yes,3.71,73.9,0.98,1
T0324,M01,NS_3,Assembling,10.52,Maintenance,No,3.71,73.9,0.98,1
T0325,M01,NS_1,Drilling,10.52,Maintenance,Yes,3.71,73.9,0.98,1
T0326,M01,NS_1,Welding,10.52,Maintenance,No,3.71,73.9,0.98,1
T0327,M03,NS_3,Cutting,10.52,Overloaded,Yes,3.71,73.9,0.98,0
T0328,M05,NS_1,Welding,10.52,Active,Yes,3.71,73.9,0.98,1
T0329,M02,NS_2,Welding,10.52,Maintenance,Yes,3.71,73.9,0.98,1
T0330,M02,NS_2,Welding,10.52,Idle,Yes,3.71,73.9,0.98,1
T0331,M03,NS_1,Cutting,10.52,Idle,Yes,3.71,73.9,0.98,0
T0332,M02,NS_2,Assembling,10.52,Idle,Yes,3.71,73.9,0.98,1
T0333,M01,NS_1,Welding,10.52,Idle,Yes,3.71,73.9,0.98,1
T0334,M05,NS_3,Welding,10.52,Overloaded,No,3.71,73.9,0.98,1
T0335,M04,NS_3,Drilling,10.52,Maintenance,No,3.71,73.9,0.98,1
T0336,M02,NS_2,Cutting,10.52,Active,No,3.71,73.9,0.98,0
T0337,M01,NS_1,Welding,10.52,Maintenance,No,3.71,73.9,0.98,1
T0338,M04,NS_1,Cutting,10.52,Overloaded,No,3.71,73.9,0.98,1
T0339,M05,NS_2,Welding,10.52,Idle,Yes,3.71,73.9,0.98,1
T0340,M04,NS_3,Assembling,10.52,Overloaded,Yes,3.71,73.9,0.98,1
T0341,M01,NS_2,Assembling,10.52,Maintenance,Yes,3.71,73.9,0.98,0
T0342,M04,NS_3,Welding,10.52,Active,Yes,3.71,73.9,0.98,1
T0343,M03,NS_1,Assembling,10.52,Overloaded,Yes,3.71,73.9,0.98,0
T0344,M04,NS_3,Welding,10.52,Active,No,3.71,73.9,0.98,1
T0345,M02,NS_2,Assembling,10.52,Overloaded,No,3.71,73.9,0.98,1
T0346,M02,NS_1,Drilling,10.52,Active,No,3.71,73.9,0.98,1
T0347,M03,NS_2,Drilling,10.52,Active,No,3.71,73.9,0.98,1
T0348,M01,NS_2,Drilling,10.52,Idle,Yes,3.71,73.9,0.98,1
T0349,M02,NS_3,Cutting,10.52,Active,Yes,3.71,73.9,0.98,1
T0350,M05,NS_2,Cutting,10.52,Idle,Yes,3.71,73.9,0.98,1
T0351,M02,NS_3,Drilling,10.52,Maintenance,No,3.71,73.9,0.98,1
T0352,M02,NS_1,Cutting,10.52,Maintenance,Yes,3.71,73.9,0.98,1
T0353,M01,NS_3,Assembling,10.52,Idle,No,3.71,73.9,0.98,0
T0354,M04,NS_1,Welding,10.52,Idle,Yes,3.71,73.9,0.98,1
T0355,M02,NS_3,Welding,10.52,Overloaded,Yes,3.71,73.9,0.98,1
T0356,M03,NS_2,Welding,10.52,Overloaded,No,3.71,73.9,0.98,1
T0357,M04,NS_3,Drilling,10.52,Overloaded,Yes,3.71,73.9,0.98,1
T0358,M05,NS_3,Cutting,10.52,Maintenance,Yes,3.71,73.9,0.98,1
T0359,M01,NS_1,Assembling,10.52,Overloaded,No,3.71,73.9,0.98,0
T0360,M05,NS_2,Assembling,10.52,Active,Yes,3.71,73.9,0.98,1
T0361,M04,NS_3,Drilling,10.52,Active,No,3.71,73.9,0.98,1
T0362,M04,NS_2,Assembling,10.52,Overloaded,Yes,3.71,73.9,0.98,1
T0363,M04,NS_3,Assembling,10.52,Active,Yes,3.71,73.9,0.98,0
T0364,M05,NS_3,Assembling,10.52,Maintenance,Yes,3.71,73.9,0.98,1
T0365,M04,NS_2,Assembling,10.52,Active,Yes,3.71,73.9,0.98,1
T0366,M05,NS_3,Cutting,10.52,Maintenance,Yes,3.71,73.9,0.98,1
T0367,M04,NS_2,Assembling,10.52,Idle,Yes,3.71,73.9,0.98,0
T0368,M03,NS_3,Welding,10.52,Idle,Yes,3.71,73.9,0.98,1
T0369,M04,NS_1,Drilling,10.52,Idle,Yes,3.71,73.9,0.98,1
T0370,M05,NS_2,Cutting,10.52,Idle,No,3.71,73.9,0.98,1
T0371,M02,NS_3,Assembling,10.52,Active,No,3.71,73.9,0.98,1
T0372,M04,NS_3,Cutting,10.52,Overloaded,Yes,3.71,73.9,0.98,1
T0373,M02,NS_1,Assembling,10.52,Active,Yes,3.71,73.9,0.98,1
T0374,M03,NS_2,Welding,10.52,Maintenance,No,3.71,73.9,0.98,0
T0375,M01,NS_3,Drilling,10.52,Active,Yes,3.71,73.9,0.98,1
T0376,M03,NS_1,Assembling,10.52,Active,Yes,3.71,73.9,0.98,1
T0377,M04,NS_3,Assembling,10.52,Maintenance,No,3.71,73.9,0.98,1
T0378,M02,NS_2,Assembling,10.52,Idle,Yes,3.71,73.9,0.98,0
T0379,M02,NS_3,Assembling,10.52,Idle,Yes,3.71,73.9,0.98,0
T0380,M05,NS_3,Drilling,10.52,Idle,No,3.71,73.9,0.98,1
T0381,M02,NS_3,Drilling,10.52,Overloaded,Yes,3.71,73.9,0.98,1
T0382,M05,NS_3,Welding,10.52,Maintenance,Yes,3.71,73.9,0.98,1
T0383,M01,NS_1,Drilling,10.52,Maintenance,No,3.71,73.9,0.98,1
T0384,M04,NS_1,Assembling,10.52,Active,Yes,3.71,73.9,0.98,1
T0385,M05,NS_2,Welding,10.52,Overloaded,No,3.71,73.9,0.98,1
T0386,M01,NS_1,Welding,10.52,Idle,Yes,3.71,73.9,0.98,1
T0387,M02,NS_1,Welding,10.52,Overloaded,Yes,3.71,73.9,0.98,1
T0388,M02,NS_2,Assembling,10.52,Maintenance,No,3.71,73.9,0.98,1
T0389,M01,NS_1,Cutting,10.52,Maintenance,No,3.71,73.9,0.98,0
T0390,M02,NS_1,Assembling,10.52,Active,Yes,3.71,73.9,0.98,1
T0391,M01,NS_2,Drilling,10.52,Active,No,3.71,73.9,0.98,1
T0392,M05,NS_2,Drilling,10.52,Maintenance,No,3.71,73.9,0.98,1
T0393,M05,NS_2,Assembling,10.52,Idle,Yes,3.71,73.9,0.98,1
T0394,M01,NS_3,Assembling,10.52,Idle,Yes,3.71,73.9,0.98,1
T0395,M05,NS_3,Welding,10.52,Overloaded,Yes,3.71,73.9,0.98,1
T0396,M05,NS_2,Assembling,10.52,Maintenance,No,3.71,73.9,0.98,1
T0397,M05,NS_2,Welding,10.52,Maintenance,No,3.71,73.9,0.98,1
T0398,M03,NS_2,Drilling,10.52,Idle,No,3.71,73.9,0.98,1
T0399,M04,NS_3,Welding,10.52,Idle,No,3.71,73.9,0.98,1
T0400,M02,NS_3,Assembling,10.52,Maintenance,Yes,3.71,73.9,0.98,0
T0401,M03,NS_1,Drilling,10.52,Active,No,3.71,73.9,0.98,0
T0402,M05,NS_1,Cutting,10.52,Maintenance,Yes,3.71,73.9,0.98,1
T0403,M01,NS_2,Welding,10.52,Maintenance,No,3.71,73.9,0.98,1
T0404,M05,NS_3,Drilling,10.52,Idle,Yes,3.71,73.9,0.98,1
T0405,M04,NS_3,Welding,10.52,Idle,Yes,3.71,73.9,0.98,1
T0406,M05,NS_3,Drilling,10.52,Active,Yes,3.71,73.9,0.98,1
T0407,M01,NS_2,Drilling,10.52,Active,No,3.71,73.9,0.98,1
T0408,M04,NS_1,Welding,10.52,Overloaded,Yes,3.71,73.9,0.98,1
T0409,M05,NS_2,Cutting,10.52,Maintenance,Yes,3.71,73.9,0.98,1
T0410,M04,NS_1,Drilling,10.52,Idle,No,3.71,73.9,0.98,1
T0411,M02,NS_1,Drilling,10.52,Active,Yes,3.71,73.9,0.98,1
T0412,M02,NS_2,Drilling,10.52,Overloaded,No,3.71,73.9,0.98,1
T0413,M05,NS_1,Cutting,10.52,Overloaded,No,3.71,73.9,0.98,1
T0414,M04,NS_1,Cutting,10.52,Idle,Yes,3.71,73.9,0.98,0
T0415,M01,NS_3,Assembling,10.52,Idle,Yes,3.71,73.9,0.98,1
T0416,M05,NS_1,Welding,10.52,Overloaded,No,3.71,73.9,0.98,1
T0417,M02,NS_2,Cutting,10.52,Active,Yes,3.71,73.9,0.98,1
T0418,M02,NS_2,Welding,10.52,Overloaded,No,3.71,73.9,0.98,1
T0419,M05,NS_1,Assembling,10.52,Maintenance,No,3.71,73.9,0.98,1
T0420,M04,NS_3,Welding,10.52,Maintenance,No,3.71,73.9,0.98,1
T0421,M02,NS_3,Cutting,10.52,Idle,Yes,3.71,73.9,0.98,1
T0422,M04,NS_1,Welding,10.52,Active,No,3.71,73.9,0.98,1
T0423,M02,NS_1,Cutting,10.52,Active,Yes,3.71,73.9,0.98,0
T0424,M02,NS_2,Welding,10.52,Maintenance,Yes,3.71,73.9,0.98,0
T0425,M03,NS_1,Cutting,10.52,Overloaded,Yes,3.71,73.9,0.98,1
T0426,M02,NS_3,Cutting,10.52,Idle,Yes,3.71,73.9,0.98,1
T0427,M01,NS_1,Welding,10.52,Overloaded,No,3.71,73.9,0.98,1
T0428,M05,NS_2,Assembling,10.52,Overloaded,Yes,3.71,73.9,0.98,0
T0429,M05,NS_2,Drilling,10.52,Overloaded,No,3.71,73.9,0.98,1
T0430,M04,NS_2,Assembling,10.52,Active,No,3.71,73.9,0.98,0
T0431,M02,NS_2,Welding,10.52,Maintenance,Yes,3.71,73.9,0.98,1
T0432,M01,NS_2,Assembling,10.52,Active,No,3.71,73.9,0.98,1
T0433,M04,NS_1,Cutting,10.52,Maintenance,No,3.71,73.9,0.98,1
T0434,M03,NS_1,Drilling,10.52,Idle,Yes,3.71,73.9,0.98,0
T0435,M04,NS_1,Welding,10.52,Idle,No,3.71,73.9,0.98,1
T0436,M04,NS_1,Welding,10.52,Overloaded,No,3.71,73.9,0.98,1
T0437,M02,NS_2,Welding,10.52,Maintenance,No,3.71,73.9,0.98,1
T0438,M03,NS_3,Drilling,10.52,Maintenance,No,3.71,73.9,0.98,1
T0439,M04,NS_1,Cutting,10.52,Maintenance,Yes,3.71,73.9,0.98,1
T0440,M01,NS_3,Welding,10.52,Overloaded,No,3.71,73.9,0.98,1
T0441,M01,NS_1,Assembling,10.52,Overloaded,No,3.71,73.9,0.98,1
T0442,M05,NS_1,Welding,10.52,Idle,No,3.71,73.9,0.98,1
T0443,M03,NS_3,Welding,10.52,Active,No,3.71,73.9,0.98,1
T0444,M03,NS_2,Welding,10.52,Maintenance,Yes,3.71,73.9,0.98,1
T0445,M05,NS_1,Welding,10.52,Maintenance,No,3.71,73.9,0.98,1
T0446,M04,NS_1,Cutting,10.52,Active,Yes,3.71,73.9,0.98,0
T0447,M03,NS_1,Assembling,10.52,Maintenance,No,3.71,73.9,0.98,0
T0448,M01,NS_3,Cutting,10.52,Overloaded,Yes,3.71,73.9,0.98,1
T0449,M01,NS_2,Assembling,10.52,Overloaded,Yes,3.71,73.9,0.98,1
T0450,M02,NS_3,Welding,10.52,Maintenance,Yes,3.71,73.9,0.98,1
T0451,M03,NS_3,Drilling,10.52,Overloaded,Yes,3.71,73.9,0.98,1
T0452,M04,NS_2,Cutting,10.52,Overloaded,Yes,3.71,73.9,0.98,1
T0453,M05,NS_3,Drilling,10.52,Maintenance,No,3.71,73.9,0.98,1
T0454,M05,NS_2,Cutting,10.52,Idle,No,3.71,73.9,0.98,1
T0455,M04,NS_1,Welding,10.52,Active,No,3.71,73.9,0.98,0
T0456,M02,NS_2,Cutting,10.52,Overloaded,Yes,3.71,73.9,0.98,1
T0457,M05,NS_1,Welding,10.52,Idle,No,3.71,73.9,0.98,0
T0458,M03,NS_3,Cutting,10.52,Overloaded,Yes,3.71,73.9,0.98,0
T0459,M02,NS_3,Welding,10.52,Overloaded,Yes,3.71,73.9,0.98,1
T0460,M03,NS_1,Welding,10.52,Active,No,3.71,73.9,0.98,1
T0461,M01,NS_3,Assembling,10.52,Overloaded,No,3.71,73.9,0.98,1
T0462,M02,NS_2,Welding,10.52,Active,Yes,3.71,73.9,0.98,1
T0463,M05,NS_1,Assembling,10.52,Active,Yes,3.71,73.9,0.98,1
T0464,M02,NS_3,Welding,10.52,Active,No,3.71,73.9,0.98,1
T0465,M02,NS_1,Drilling,10.52,Idle,No,3.71,73.9,0.98,0
T0466,M02,NS_2,Welding,10.52,Maintenance,No,3.71,73.9,0.98,1
T0467,M02,NS_2,Drilling,10.52,Idle,No,3.71,73.9,0.98,1
T0468,M03,NS_3,Drilling,10.52,Maintenance,Yes,3.71,73.9,0.98,1
T0469,M01,NS_2,Welding,10.52,Maintenance,No,3.71,73.9,0.98,0
T0470,M04,NS_1,Drilling,10.52,Active,No,3.71,73.9,0.98,1
T0471,M02,NS_2,Assembling,10.52,Overloaded,No,3.71,73.9,0.98,1
T0472,M05,NS_1,Cutting,10.52,Active,Yes,3.71,73.9,0.98,1
T0473,M02,NS_1,Welding,10.52,Overloaded,Yes,3.71,73.9,0.98,1
T0474,M05,NS_2,Drilling,10.52,Maintenance,Yes,3.71,73.9,0.98,1
T0475,M03,NS_3,Welding,10.52,Active,Yes,3.71,73.9,0.98,1
T0476,M05,NS_2,Assembling,10.52,Overloaded,No,3.71,73.9,0.98,1
T0477,M04,NS_1,Welding,10.52,Idle,Yes,3.71,73.9,0.98,1
T0478,M01,NS_1,Welding,10.52,Overloaded,No,3.71,73.9,0.98,1
T0479,M05,NS_2,Drilling,10.52,Active,No,3.71,73.9,0.98,1
T0480,M05,NS_3,Assembling,10.52,Idle,No,3.71,73.9,0.98,1
T0481,M01,NS_3,Cutting,10.52,Overloaded,No,3.71,73.9,0.98,1
T0482,M04,NS_1,Cutting,10.52,Overloaded,Yes,3.71,73.9,0.98,1
T0483,M02,NS_1,Drilling,10.52,Overloaded,Yes,3.71,73.9,0.98,1
T0484,M05,NS_3,Welding,10.52,Overloaded,Yes,3.71,73.9,0.98,1
T0485,M01,NS_2,Drilling,10.52,Overloaded,No,3.71,73.9,0.98,1
T0486,M03,NS_1,Drilling,10.52,Idle,No,3.71,73.9,0.98,1
T0487,M01,NS_1,Drilling,10.52,Maintenance,No,3.71,73.9,0.98,1
T0488,M03,NS_3,Welding,10.52,Idle,No,3.71,73.9,0.98,1
T0489,M04,NS_2,Assembling,10.52,Idle,No,3.71,73.9,0.98,1
T0490,M02,NS_3,Drilling,10.52,Idle,Yes,3.71,73.9,0.98,1
T0491,M01,NS_2,Welding,10.52,Maintenance,No,3.71,73.9,0.98,1
T0492,M05,NS_2,Assembling,10.52,Active,Yes,3.71,73.9,0.98,1
T0493,M04,NS_2,Drilling,10.52,Maintenance,No,3.71,73.9,0.98,1
T0494,M01,NS_1,Cutting,10.52,Idle,No,3.71,73.9,0.98,1
T0495,M05,NS_3,Assembling,10.52,Overloaded,Yes,3.71,73.9,0.98,0
T0496,M01,NS_3,Drilling,10.52,Overloaded,Yes,3.71,73.9,0.98,1
T0497,M03,NS_2,Assembling,10.52,Idle,No,3.71,73.9,0.98,1
T0498,M01,NS_1,Assembling,10.52,Overloaded,No,3.71,73.9,0.98,1
T0499,M01,NS_1,Assembling,10.52,Idle,No,3.71,73.9,0.98,1
T0500,M01,NS_3,Assembling,10.52,Overloaded,No,3.71,73.9,0.98,1
T0501,M04,NS_1,Assembling,10.52,Maintenance,Yes,3.71,73.9,0.98,0
T0502,M01,NS_1,Assembling,10.52,Active,No,3.71,73.9,0.98,1
T0503,M05,NS_2,Drilling,10.52,Active,Yes,3.71,73.9,0.98,1
T0504,M03,NS_1,Cutting,10.52,Maintenance,No,3.71,73.9,0.98,1
T0505,M03,NS_2,Welding,10.52,Maintenance,Yes,3.71,73.9,0.98,1
T0506,M01,NS_3,Assembling,10.52,Idle,Yes,3.71,73.9,0.98,1
T0507,M04,NS_1,Welding,10.52,Idle,No,3.71,73.9,0.98,0
T0508,M04,NS_3,Drilling,10.52,Idle,Yes,3.71,73.9,0.98,1
T0509,M05,NS_3,Assembling,10.52,Overloaded,No,3.71,73.9,0.98,1
T0510,M01,NS_1,Cutting,10.52,Idle,Yes,3.71,73.9,0.98,0
T0511,M03,NS_1,Welding,10.52,Maintenance,No,3.71,73.9,0.98,1
T0512,M04,NS_3,Assembling,10.52,Active,Yes,3.71,73.9,0.98,1
T0513,M01,NS_1,Drilling,10.52,Overloaded,No,3.71,73.9,0.98,1
T0514,M04,NS_2,Cutting,10.52,Idle,No,3.71,73.9,0.98,1
T0515,M04,NS_2,Welding,10.52,Overloaded,Yes,3.71,73.9,0.98,0
T0516,M03,NS_1,Welding,10.52,Overloaded,Yes,3.71,73.9,0.98,0
T0517,M02,NS_3,Assembling,10.52,Idle,Yes,3.71,73.9,0.98,1
T0518,M05,NS_1,Cutting,10.52,Overloaded,Yes,3.71,73.9,0.98,1
T0519,M05,NS_1,Cutting,10.52,Active,No,3.71,73.9,0.98,1
T0520,M03,NS_3,Cutting,10.52,Maintenance,Yes,3.71,73.9,0.98,1
T0521,M04,NS_3,Cutting,10.52,Maintenance,No,3.71,73.9,0.98,1
T0522,M01,NS_2,Drilling,10.52,Active,Yes,3.71,73.9,0.98,1
T0523,M04,NS_3,Cutting,10.52,Overloaded,No,3.71,73.9,0.98,1
T0524,M03,NS_2,Welding,10.52,Idle,No,3.71,73.9,0.98,1
T0525,M05,NS_3,Welding,10.52,Overloaded,No,3.71,73.9,0.98,1
T0526,M04,NS_1,Drilling,10.52,Active,No,3.71,73.9,0.98,0
T0527,M05,NS_2,Welding,10.52,Overloaded,Yes,3.71,73.9,0.98,1
T0528,M01,NS_2,Welding,10.52,Maintenance,Yes,3.71,73.9,0.98,1
T0529,M05,NS_2,Cutting,10.52,Overloaded,No,3.71,73.9,0.98,1
T0530,M05,NS_1,Welding,10.52,Active,Yes,3.71,73.9,0.98,1
T0531,M02,NS_1,Drilling,10.52,Maintenance,Yes,3.71,73.9,0.98,1
T0532,M02,NS_1,Cutting,10.52,Overloaded,No,3.71,73.9,0.98,1
T0533,M02,NS_1,Assembling,10.52,Overloaded,Yes,3.71,73.9,0.98,0
T0534,M05,NS_1,Cutting,10.52,Maintenance,Yes,3.71,73.9,0.98,0
T0535,M03,NS_2,Drilling,10.52,Idle,Yes,3.71,73.9,0.98,1
T0536,M05,NS_1,Cutting,10.52,Maintenance,No,3.71,73.9,0.98,0
T0537,M03,NS_2,Cutting,10.52,Idle,Yes,3.71,73.9,0.98,1
T0538,M03,NS_1,Drilling,10.52,Active,No,3.71,73.9,0.98,1
T0539,M02,NS_3,Cutting,10.52,Active,Yes,3.71,73.9,0.98,1
T0540,M04,NS_2,Drilling,10.52,Maintenance,Yes,3.71,73.9,0.98,1
T0541,M01,NS_3,Drilling,10.52,Maintenance,Yes,3.71,73.9,0.98,1
T0542,M02,NS_2,Assembling,10.52,Active,No,3.71,73.9,0.98,1
T0543,M02,NS_3,Welding,10.52,Idle,No,3.71,73.9,0.98,1
T0544,M04,NS_1,Welding,10.52,Active,Yes,3.71,73.9,0.98,0
T0545,M01,NS_1,Cutting,10.52,Maintenance,No,3.71,73.9,0.98,1
T0546,M05,NS_1,Cutting,10.52,Active,Yes,3.71,73.9,0.98,1
T0547,M05,NS_2,Assembling,10.52,Maintenance,No,3.71,73.9,0.98,1
T0548,M02,NS_3,Assembling,10.52,Maintenance,No,3.71,73.9,0.98,1
T0549,M01,NS_1,Assembling,10.52,Active,Yes,3.71,73.9,0.98,0
T0550,M02,NS_3,Drilling,10.52,Idle,Yes,3.71,73.9,0.98,1
T0551,M03,NS_3,Assembling,10.52,Overloaded,Yes,3.71,73.9,0.98,1
T0552,M02,NS_1,Assembling,10.52,Active,Yes,3.71,73.9,0.98,1
T0553,M02,NS_1,Cutting,10.52,Overloaded,No,3.71,73.9,0.98,1
T0554,M05,NS_3,Assembling,10.52,Active,No,3.71,73.9,0.98,1
T0555,M05,NS_1,Drilling,10.52,Overloaded,No,3.71,73.9,0.98,0
T0556,M05,NS_1,Drilling,10.52,Idle,Yes,3.71,73.9,0.98,1
T0557,M03,NS_1,Cutting,10.52,Idle,Yes,3.71,73.9,0.98,0
T0558,M05,NS_2,Assembling,10.52,Active,No,3.71,73.9,0.98,1
T0559,M01,NS_3,Assembling,10.52,Maintenance,Yes,3.71,73.9,0.98,1
T0560,M04,NS_3,Drilling,10.52,Overloaded,No,3.71,73.9,0.98,1
T0561,M01,NS_2,Assembling,10.52,Maintenance,No,3.71,73.9,0.98,1
T0562,M01,NS_3,Assembling,10.52,Maintenance,No,3.71,73.9,0.98,0
T0563,M05,NS_1,Assembling,10.52,Maintenance,No,3.71,73.9,0.98,1
T0564,M04,NS_3,Welding,10.52,Idle,No,3.71,73.9,0.98,0
T0565,M04,NS_1,Cutting,10.52,Active,Yes,3.71,73.9,0.98,1
T0566,M04,NS_2,Welding,10.52,Active,Yes,3.71,73.9,0.98,1
T0567,M03,NS_1,Cutting,10.52,Idle,Yes,3.71,73.9,0.98,1
T0568,M05,NS_3,Drilling,10.52,Idle,No,3.71,73.9,0.98,1
T0569,M04,NS_3,Assembling,10.52,Active,No,3.71,73.9,0.98,0
T0570,M03,NS_3,Cutting,10.52,Maintenance,No,3.71,73.9,0.98,0
T0571,M02,NS_2,Welding,10.52,Overloaded,No,3.71,73.9,0.98,0
T0572,M02,NS_2,Assembling,10.52,Overloaded,Yes,3.71,73.9,0.98,1
T0573,M03,NS_3,Drilling,10.52,Overloaded,Yes,3.71,73.9,0.98,1
T0574,M03,NS_1,Cutting,10.52,Maintenance,No,3.71,73.9,0.98,1
T0575,M05,NS_2,Cutting,10.52,Active,No,3.71,73.9,0.98,1
T0576,M05,NS_3,Cutting,10.52,Idle,No,3.71,73.9,0.98,1
T0577,M02,NS_3,Assembling,10.52,Active,Yes,3.71,73.9,0.98,1
T0578,M04,NS_2,Welding,10.52,Maintenance,Yes,3.71,73.9,0.98,1
T0579,M02,NS_2,Welding,10.52,Idle,Yes,3.71,73.9,0.98,1
T0580,M04,NS_2,Cutting,10.52,Maintenance,No,3.71,73.9,0.98,1
T0581,M04,NS_1,Drilling,10.52,Overloaded,No,3.71,73.9,0.98,0
T0582,M05,NS_1,Drilling,10.52,Overloaded,Yes,3.71,73.9,0.98,1
T0583,M01,NS_3,Welding,10.52,Maintenance,No,3.71,73.9,0.98,1
T0584,M01,NS_2,Drilling,10.52,Idle,Yes,3.71,73.9,0.98,1
T0585,M03,NS_1,Welding,10.52,Idle,No,3.71,73.9,0.98,0
T0586,M05,NS_2,Cutting,10.52,Active,Yes,3.71,73.9,0.98,1
T0587,M04,NS_3,Welding,10.52,Overloaded,No,3.71,73.9,0.98,1
T0588,M01,NS_1,Welding,10.52,Active,Yes,3.71,73.9,0.98,0
T0589,M04,NS_1,Cutting,10.52,Active,Yes,3.71,73.9,0.98,1
T0590,M01,NS_1,Drilling,10.52,Maintenance,Yes,3.71,73.9,0.98,1
T0591,M01,NS_3,Welding,10.52,Maintenance,Yes,3.71,73.9,0.98,0
T0592,M01,NS_2,Welding,10.52,Active,Yes,3.71,73.9,0.98,0
T0593,M05,NS_1,Cutting,10.52,Overloaded,Yes,3.71,73.9,0.98,1
T0594,M02,NS_3,Drilling,10.52,Maintenance,No,3.71,73.9,0.98,1
T0595,M04,NS_2,Welding,10.52,Active,No,3.71,73.9,0.98,1
T0596,M05,NS_3,Cutting,10.52,Active,No,3.71,73.9,0.98,1
T0597,M05,NS_2,Welding,10.52,Active,Yes,3.71,73.9,0.98,0
T0598,M05,NS_3,Assembling,10.52,Active,Yes,3.71,73.9,0.98,1
T0599,M05,NS_2,Cutting,10.52,Active,No,3.71,73.9,0.98,1
T0600,M05,NS_1,Drilling,10.52,Active,Yes,3.71,73.9,0.98,0
T0601,M03,NS_2,Drilling,10.52,Maintenance,Yes,3.71,73.9,0.98,1
T0602,M04,NS_3,Drilling,10.52,Overloaded,Yes,3.71,73.9,0.98,1
T0603,M05,NS_3,Drilling,10.52,Active,Yes,3.71,73.9,0.98,1
T0604,M04,NS_2,Welding,10.52,Idle,Yes,3.71,73.9,0.98,0
T0605,M03,NS_1,Welding,10.52,Maintenance,No,3.71,73.9,0.98,1
T0606,M03,NS_1,Drilling,10.52,Maintenance,No,3.71,73.9,0.98,1
T0607,M04,NS_2,Drilling,10.52,Active,No,3.71,73.9,0.98,1
T0608,M01,NS_2,Drilling,10.52,Maintenance,No,3.71,73.9,0.98,0
T0609,M02,NS_3,Welding,10.52,Active,No,3.71,73.9,0.98,1
T0610,M01,NS_1,Drilling,10.52,Overloaded,Yes,3.71,73.9,0.98,1
T0611,M01,NS_2,Drilling,10.52,Overloaded,Yes,3.71,73.9,0.98,1
T0612,M01,NS_1,Assembling,10.52,Maintenance,Yes,3.71,73.9,0.98,1
T0613,M05,NS_2,Assembling,10.52,Maintenance,Yes,3.71,73.9,0.98,1
T0614,M03,NS_2,Drilling,10.52,Idle,No,3.71,73.9,0.98,1
T0615,M01,NS_1,Cutting,10.52,Maintenance,No,3.71,73.9,0.98,1
T0616,M03,NS_2,Drilling,10.52,Idle,No,3.71,73.9,0.98,1
T0617,M04,NS_2,Assembling,10.52,Overloaded,Yes,3.71,73.9,0.98,1
T0618,M02,NS_3,Cutting,10.52,Overloaded,No,3.71,73.9,0.98,1
T0619,M04,NS_2,Cutting,10.52,Active,Yes,3.71,73.9,0.98,1
T0620,M04,NS_2,Drilling,10.52,Overloaded,No,3.71,73.9,0.98,1
T0621,M05,NS_2,Assembling,10.52,Idle,No,3.71,73.9,0.98,1
T0622,M02,NS_3,Assembling,10.52,Maintenance,Yes,3.71,73.9,0.98,0
T0623,M04,NS_1,Cutting,10.52,Active,Yes,3.71,73.9,0.98,1
T0624,M04,NS_3,Drilling,10.52,Idle,No,3.71,73.9,0.98,1
T0625,M02,NS_3,Welding,10.52,Maintenance,No,3.71,73.9,0.98,1
T0626,M02,NS_1,Welding,10.52,Active,Yes,3.71,73.9,0.98,1
T0627,M04,NS_3,Assembling,10.52,Overloaded,No,3.71,73.9,0.98,1
T0628,M02,NS_1,Welding,10.52,Idle,No,3.71,73.9,0.98,1
T0629,M04,NS_3,Assembling,10.52,Maintenance,Yes,3.71,73.9,0.98,1
T0630,M04,NS_1,Assembling,10.52,Active,No,3.71,73.9,0.98,1
T0631,M05,NS_2,Assembling,10.52,Active,Yes,3.71,73.9,0.98,1
T0632,M01,NS_3,Welding,10.52,Overloaded,No,3.71,73.9,0.98,1
T0633,M04,NS_3,Assembling,10.52,Maintenance,Yes,3.71,73.9,0.98,1
T0634,M03,NS_3,Cutting,10.52,Overloaded,No,3.71,73.9,0.98,0
T0635,M01,NS_3,Drilling,10.52,Overloaded,Yes,3.71,73.9,0.98,0
T0636,M01,NS_2,Drilling,10.52,Maintenance,No,3.71,73.9,0.98,1
T0637,M01,NS_3,Assembling,10.52,Maintenance,Yes,3.71,73.9,0.98,0
T0638,M05,NS_2,Drilling,10.52,Maintenance,No,3.71,73.9,0.98,1
T0639,M04,NS_2,Welding,10.52,Idle,No,3.71,73.9,0.98,1
T0640,M05,NS_2,Welding,10.52,Maintenance,No,3.71,73.9,0.98,1
T0641,M04,NS_2,Drilling,10.52,Active,No,3.71,73.9,0.98,1
T0642,M05,NS_1,Welding,10.52,Overloaded,No,3.71,73.9,0.98,1
T0643,M05,NS_1,Drilling,10.52,Idle,No,3.71,73.9,0.98,1
T0644,M03,NS_3,Drilling,10.52,Maintenance,No,3.71,73.9,0.98,1
T0645,M05,NS_1,Drilling,10.52,Idle,No,3.71,73.9,0.98,1
T0646,M02,NS_1,Assembling,10.52,Maintenance,No,3.71,73.9,0.98,0
T0647,M03,NS_3,Drilling,10.52,Idle,Yes,3.71,73.9,0.98,1
T0648,M05,NS_3,Assembling,10.52,Overloaded,Yes,3.71,73.9,0.98,0
T0649,M01,NS_3,Drilling,10.52,Overloaded,No,3.71,73.9,0.98,1
T0650,M02,NS_1,Drilling,10.52,Active,Yes,3.71,73.9,0.98,1
T0651,M02,NS_1,Drilling,10.52,Active,No,3.71,73.9,0.98,0
T0652,M02,NS_3,Welding,10.52,Maintenance,No,3.71,73.9,0.98,1
T0653,M03,NS_2,Assembling,10.52,Overloaded,Yes,3.71,73.9,0.98,1
T0654,M05,NS_3,Assembling,10.52,Idle,No,3.71,73.9,0.98,1
T0655,M05,NS_2,Drilling,10.52,Idle,No,3.71,73.9,0.98,1
T0656,M01,NS_2,Drilling,10.52,Idle,Yes,3.71,73.9,0.98,1
T0657,M01,NS_3,Welding,10.52,Active,Yes,3.71,73.9,0.98,0
T0658,M02,NS_3,Welding,10.52,Idle,No,3.71,73.9,0.98,1
T0659,M01,NS_3,Welding,10.52,Active,Yes,3.71,73.9,0.98,1
T0660,M03,NS_1,Assembling,10.52,Active,Yes,3.71,73.9,0.98,1
T0661,M05,NS_2,Assembling,10.52,Maintenance,No,3.71,73.9,0.98,0
T0662,M02,NS_1,Assembling,10.52,Idle,Yes,3.71,73.9,0.98,1
T0663,M01,NS_1,Drilling,10.52,Idle,Yes,3.71,73.9,0.98,1
T0664,M03,NS_3,Assembling,10.52,Overloaded,No,3.71,73.9,0.98,1
T0665,M03,NS_1,Cutting,10.52,Maintenance,Yes,3.71,73.9,0.98,0
T0666,M01,NS_3,Cutting,10.52,Overloaded,Yes,3.71,73.9,0.98,1
T0667,M05,NS_2,Welding,10.52,Maintenance,No,3.71,73.9,0.98,1
T0668,M01,NS_3,Assembling,10.52,Idle,No,3.71,73.9,0.98,1
T0669,M02,NS_1,Cutting,10.52,Active,No,3.71,73.9,0.98,1
T0670,M01,NS_1,Welding,10.52,Active,Yes,3.71,73.9,0.98,1
T0671,M03,NS_3,Assembling,10.52,Active,No,3.71,73.9,0.98,1
T0672,M01,NS_3,Drilling,10.52,Active,No,3.71,73.9,0.98,0
T0673,M05,NS_1,Cutting,10.52,Active,Yes,3.71,73.9,0.98,1
T0674,M04,NS_2,Drilling,10.52,Overloaded,No,3.71,73.9,0.98,1
T0675,M01,NS_2,Assembling,10.52,Maintenance,No,3.71,73.9,0.98,1
T0676,M05,NS_3,Cutting,10.52,Idle,No,3.71,73.9,0.98,1
T0677,M05,NS_2,Assembling,10.52,Overloaded,No,3.71,73.9,0.98,0
T0678,M03,NS_1,Drilling,10.52,Maintenance,Yes,3.71,73.9,0.98,1
T0679,M05,NS_3,Cutting,10.52,Active,No,3.71,73.9,0.98,1
T0680,M05,NS_1,Drilling,10.52,Maintenance,No,3.71,73.9,0.98,0
T0681,M05,NS_1,Assembling,10.52,Maintenance,Yes,3.71,73.9,0.98,1
T0682,M05,NS_2,Assembling,10.52,Active,No,3.71,73.9,0.98,1
T0683,M02,NS_3,Drilling,10.52,Active,Yes,3.71,73.9,0.98,0
T0684,M02,NS_3,Cutting,10.52,Active,Yes,3.71,73.9,0.98,1
T0685,M03,NS_2,Drilling,10.52,Idle,Yes,3.71,73.9,0.98,1
T0686,M01,NS_1,Assembling,10.52,Active,No,3.71,73.9,0.98,1
T0687,M05,NS_1,Drilling,10.52,Idle,Yes,3.71,73.9,0.98,1
T0688,M01,NS_1,Assembling,10.52,Active,Yes,3.71,73.9,0.98,1
T0689,M01,NS_1,Drilling,10.52,Idle,Yes,3.71,73.9,0.98,1
T0690,M03,NS_3,Cutting,10.52,Maintenance,No,3.71,73.9,0.98,1
T0691,M05,NS_3,Cutting,10.52,Overloaded,No,3.71,73.9,0.98,0
T0692,M05,NS_2,Drilling,10.52,Maintenance,No,3.71,73.9,0.98,1
T0693,M04,NS_2,Drilling,10.52,Maintenance,No,3.71,73.9,0.98,1
T0694,M01,NS_3,Cutting,10.52,Active,No,3.71,73.9,0.98,1
T0695,M01,NS_3,Assembling,10.52,Idle,No,3.71,73.9,0.98,1
T0696,M02,NS_1,Cutting,10.52,Overloaded,No,3.71,73.9,0.98,1
T0697,M04,NS_1,Assembling,10.52,Active,Yes,3.71,73.9,0.98,1
T0698,M02,NS_2,Drilling,10.52,Active,Yes,3.71,73.9,0.98,1
T0699,M02,NS_3,Drilling,10.52,Active,Yes,3.71,73.9,0.98,0
T0700,M02,NS_2,Assembling,10.52,Maintenance,Yes,3.71,73.9,0.98,0
T0701,M03,NS_3,Drilling,10.52,Idle,No,3.71,73.9,0.98,1
T0702,M03,NS_1,Assembling,10.52,Idle,Yes,3.71,73.9,0.98,1
T0703,M02,NS_2,Welding,10.52,Overloaded,Yes,3.71,73.9,0.98,1
T0704,M04,NS_2,Cutting,10.52,Idle,Yes,3.71,73.9,0.98,1
T0705,M01,NS_3,Welding,10.52,Idle,Yes,3.71,73.9,0.98,1
T0706,M04,NS_1,Assembling,10.52,Active,No,3.71,73.9,0.98,1
T0707,M05,NS_2,Cutting,10.52,Active,No,3.71,73.9,0.98,1
T0708,M03,NS_1,Assembling,10.52,Maintenance,No,3.71,73.9,0.98,0
T0709,M01,NS_2,Cutting,10.52,Active,Yes,3.71,73.9,0.98,0
T0710,M01,NS_1,Cutting,10.52,Active,No,3.71,73.9,0.98,1
T0711,M05,NS_3,Cutting,10.52,Active,Yes,3.71,73.9,0.98,1
T0712,M05,NS_2,Cutting,10.52,Active,No,3.71,73.9,0.98,1
T0713,M02,NS_2,Assembling,10.52,Maintenance,No,3.71,73.9,0.98,0
T0714,M03,NS_1,Cutting,10.52,Active,No,3.71,73.9,0.98,0
T0715,M03,NS_1,Cutting,10.52,Overloaded,No,3.71,73.9,0.98,1
T0716,M04,NS_2,Welding,10.52,Overloaded,No,3.71,73.9,0.98,1
T0717,M02,NS_3,Drilling,10.52,Overloaded,Yes,3.71,73.9,0.98,0
T0718,M02,NS_1,Drilling,10.52,Overloaded,No,3.71,73.9,0.98,1
T0719,M02,NS_1,Welding,10.52,Active,Yes,3.71,73.9,0.98,0
T0720,M02,NS_1,Welding,10.52,Overloaded,Yes,3.71,73.9,0.98,1
T0721,M03,NS_2,Assembling,10.52,Active,Yes,3.71,73.9,0.98,1
T0722,M03,NS_2,Assembling,10.52,Maintenance,Yes,3.71,73.9,0.98,0
T0723,M02,NS_2,Assembling,10.52,Overloaded,Yes,3.71,73.9,0.98,1
T0724,M04,NS_2,Welding,10.52,Idle,No,3.71,73.9,0.98,1
T0725,M01,NS_3,Welding,10.52,Overloaded,No,3.71,73.9,0.98,1
T0726,M01,NS_3,Cutting,10.52,Overloaded,No,3.71,73.9,0.98,1
T0727,M04,NS_2,Assembling,10.52,Active,No,3.71,73.9,0.98,0
T0728,M02,NS_3,Assembling,10.52,Overloaded,Yes,3.71,73.9,0.98,1
T0729,M03,NS_1,Assembling,10.52,Idle,No,3.71,73.9,0.98,1
T0730,M01,NS_1,Drilling,10.52,Active,No,3.71,73.9,0.98,1
T0731,M05,NS_1,Cutting,10.52,Active,Yes,3.71,73.9,0.98,1
T0732,M05,NS_2,Assembling,10.52,Maintenance,Yes,3.71,73.9,0.98,1
T0733,M04,NS_1,Assembling,10.52,Maintenance,No,3.71,73.9,0.98,1
T0734,M02,NS_3,Assembling,10.52,Overloaded,No,3.71,73.9,0.98,0
T0735,M01,NS_2,Drilling,10.52,Maintenance,Yes,3.71,73.9,0.98,0
T0736,M02,NS_3,Drilling,10.52,Maintenance,No,3.71,73.9,0.98,1
T0737,M01,NS_1,Welding,10.52,Maintenance,No,3.71,73.9,0.98,1
T0738,M04,NS_1,Cutting,10.52,Active,No,3.71,73.9,0.98,1
T0739,M04,NS_1,Welding,10.52,Active,No,3.71,73.9,0.98,1
T0740,M05,NS_2,Cutting,10.52,Active,Yes,3.71,73.9,0.98,1
T0741,M02,NS_3,Drilling,10.52,Maintenance,Yes,3.71,73.9,0.98,0
T0742,M05,NS_2,Assembling,10.52,Active,Yes,3.71,73.9,0.98,1
T0743,M02,NS_2,Welding,10.52,Maintenance,No,3.71,73.9,0.98,1
T0744,M05,NS_1,Assembling,10.52,Active,No,3.71,73.9,0.98,1
T0745,M03,NS_2,Welding,10.52,Active,No,3.71,73.9,0.98,1
T0746,M03,NS_2,Drilling,10.52,Idle,No,3.71,73.9,0.98,1
T0747,M03,NS_1,Drilling,10.52,Overloaded,No,3.71,73.9,0.98,1
T0748,M03,NS_2,Drilling,10.52,Maintenance,Yes,3.71,73.9,0.98,1
T0749,M01,NS_1,Welding,10.52,Idle,No,3.71,73.9,0.98,1
T0750,M03,NS_1,Cutting,10.52,Active,No,3.71,73.9,0.98,1
T0751,M04,NS_1,Welding,10.52,Maintenance,Yes,3.71,73.9,0.98,1
T0752,M04,NS_1,Cutting,10.52,Active,No,3.71,73.9,0.98,1
T0753,M01,NS_2,Welding,10.52,Overloaded,Yes,3.71,73.9,0.98,1
T0754,M03,NS_1,Welding,10.52,Idle,Yes,3.71,73.9,0.98,1
T0755,M03,NS_1,Drilling,10.52,Overloaded,Yes,3.71,73.9,0.98,1
T0756,M03,NS_2,Assembling,10.52,Idle,Yes,3.71,73.9,0.98,0
T0757,M05,NS_2,Assembling,10.52,Active,Yes,3.71,73.9,0.98,1
T0758,M02,NS_3,Cutting,10.52,Overloaded,No,3.71,73.9,0.98,1
T0759,M05,NS_2,Assembling,10.52,Overloaded,Yes,3.71,73.9,0.98,1
T0760,M02,NS_2,Welding,10.52,Active,Yes,3.71,73.9,0.98,1
T0761,M03,NS_3,Welding,10.52,Overloaded,No,3.71,73.9,0.98,1
T0762,M03,NS_2,Drilling,10.52,Maintenance,No,3.71,73.9,0.98,1
T0763,M05,NS_2,Drilling,10.52,Idle,Yes,3.71,73.9,0.98,0
T0764,M05,NS_2,Assembling,10.52,Idle,No,3.71,73.9,0.98,1
T0765,M02,NS_2,Cutting,10.52,Idle,No,3.71,73.9,0.98,1
T0766,M04,NS_3,Assembling,10.52,Maintenance,Yes,3.71,73.9,0.98,1
T0767,M02,NS_2,Assembling,10.52,Idle,Yes,3.71,73.9,0.98,1
T0768,M05,NS_2,Assembling,10.52,Active,No,3.71,73.9,0.98,1
T0769,M05,NS_3,Assembling,10.52,Overloaded,Yes,3.71,73.9,0.98,0
T0770,M01,NS_1,Welding,10.52,Maintenance,Yes,3.71,73.9,0.98,1
T0771,M05,NS_3,Cutting,10.52,Idle,No,3.71,73.9,0.98,1
T0772,M01,NS_1,Welding,10.52,Active,Yes,3.71,73.9,0.98,0
T0773,M04,NS_3,Cutting,10.52,Overloaded,Yes,3.71,73.9,0.98,0
T0774,M02,NS_3,Drilling,10.52,Overloaded,Yes,3.71,73.9,0.98,0
T0775,M02,NS_2,Assembling,10.52,Maintenance,Yes,3.71,73.9,0.98,1
T0776,M01,NS_1,Welding,10.52,Maintenance,Yes,3.71,73.9,0.98,0
T0777,M02,NS_2,Cutting,10.52,Maintenance,No,3.71,73.9,0.98,1
T0778,M05,NS_1,Drilling,10.52,Active,No,3.71,73.9,0.98,1
T0779,M03,NS_3,Drilling,10.52,Active,Yes,3.71,73.9,0.98,1
T0780,M01,NS_3,Assembling,10.52,Maintenance,No,3.71,73.9,0.98,1
T0781,M02,NS_1,Cutting,10.52,Idle,Yes,3.71,73.9,0.98,1
T0782,M01,NS_2,Welding,10.52,Overloaded,Yes,3.71,73.9,0.98,1
T0783,M01,NS_2,Assembling,10.52,Overloaded,Yes,3.71,73.9,0.98,1
T0784,M03,NS_2,Welding,10.52,Active,Yes,3.71,73.9,0.98,1
T0785,M05,NS_2,Drilling,10.52,Overloaded,Yes,3.71,73.9,0.98,1
T0786,M01,NS_3,Welding,10.52,Idle,No,3.71,73.9,0.98,1
T0787,M02,NS_3,Welding,10.52,Overloaded,No,3.71,73.9,0.98,1
T0788,M04,NS_3,Assembling,10.52,Active,Yes,3.71,73.9,0.98,1
T0789,M01,NS_3,Welding,10.52,Active,No,3.71,73.9,0.98,0
T0790,M01,NS_3,Assembling,10.52,Idle,Yes,3.71,73.9,0.98,0
T0791,M03,NS_2,Drilling,10.52,Idle,No,3.71,73.9,0.98,1
T0792,M05,NS_2,Assembling,10.52,Overloaded,Yes,3.71,73.9,0.98,1
T0793,M04,NS_2,Assembling,10.52,Overloaded,No,3.71,73.9,0.98,1
T0794,M02,NS_2,Cutting,10.52,Active,Yes,3.71,73.9,0.98,1
T0795,M04,NS_3,Welding,10.52,Idle,Yes,3.71,73.9,0.98,1
T0796,M02,NS_3,Drilling,10.52,Idle,No,3.71,73.9,0.98,1
T0797,M05,NS_3,Assembling,10.52,Idle,No,3.71,73.9,0.98,1
T0798,M02,NS_1,Drilling,10.52,Overloaded,Yes,3.71,73.9,0.98,1
T0799,M03,NS_2,Cutting,10.52,Idle,No,3.71,73.9,0.98,1
T0800,M03,NS_2,Welding,10.52,Active,Yes,3.71,73.9,0.98,1
T0801,M03,NS_3,Assembling,10.52,Active,No,3.71,73.9,0.98,0
T0802,M03,NS_2,Welding,10.52,Overloaded,No,3.71,73.9,0.98,0
T0803,M04,NS_2,Cutting,10.52,Maintenance,Yes,3.71,73.9,0.98,1
T0804,M05,NS_3,Cutting,10.52,Overloaded,No,3.71,73.9,0.98,1
T0805,M02,NS_1,Drilling,10.52,Maintenance,No,3.71,73.9,0.98,1
T0806,M02,NS_1,Assembling,10.52,Idle,Yes,3.71,73.9,0.98,0
T0807,M03,NS_1,Drilling,10.52,Overloaded,No,3.71,73.9,0.98,1
T0808,M03,NS_3,Cutting,10.52,Active,Yes,3.71,73.9,0.98,1
T0809,M01,NS_2,Welding,10.52,Idle,Yes,3.71,73.9,0.98,1
T0810,M05,NS_3,Drilling,10.52,Active,Yes,3.71,73.9,0.98,1
T0811,M04,NS_3,Drilling,10.52,Idle,Yes,3.71,73.9,0.98,1
T0812,M02,NS_2,Welding,10.52,Overloaded,Yes,3.71,73.9,0.98,1
T0813,M01,NS_1,Drilling,10.52,Maintenance,No,3.71,73.9,0.98,1
T0814,M01,NS_1,Welding,10.52,Idle,Yes,3.71,73.9,0.98,0
T0815,M02,NS_3,Assembling,10.52,Maintenance,Yes,3.71,73.9,0.98,0
T0816,M04,NS_1,Welding,10.52,Idle,No,3.71,73.9,0.98,1
T0817,M01,NS_3,Assembling,10.52,Active,No,3.71,73.9,0.98,1
T0818,M01,NS_3,Welding,10.52,Active,No,3.71,73.9,0.98,1
T0819,M05,NS_2,Cutting,10.52,Idle,Yes,3.71,73.9,0.98,1
T0820,M04,NS_2,Cutting,10.52,Maintenance,Yes,3.71,73.9,0.98,1
T0821,M01,NS_2,Assembling,10.52,Overloaded,Yes,3.71,73.9,0.98,1
T0822,M04,NS_3,Assembling,10.52,Overloaded,No,3.71,73.9,0.98,1
T0823,M02,NS_2,Cutting,10.52,Active,Yes,3.71,73.9,0.98,1
T0824,M03,NS_1,Assembling,10.52,Overloaded,No,3.71,73.9,0.98,1
T0825,M01,NS_1,Welding,10.52,Active,Yes,3.71,73.9,0.98,1
T0826,M05,NS_3,Welding,10.52,Overloaded,No,3.71,73.9,0.98,1
T0827,M02,NS_3,Cutting,10.52,Idle,Yes,3.71,73.9,0.98,1
T0828,M04,NS_2,Drilling,10.52,Active,Yes,3.71,73.9,0.98,0
T0829,M02,NS_3,Welding,10.52,Active,Yes,3.71,73.9,0.98,1
T0830,M01,NS_3,Assembling,10.52,Idle,No,3.71,73.9,0.98,1
T0831,M04,NS_1,Drilling,10.52,Active,No,3.71,73.9,0.98,0
T0832,M03,NS_1,Drilling,10.52,Overloaded,Yes,3.71,73.9,0.98,1
T0833,M02,NS_2,Welding,10.52,Overloaded,Yes,3.71,73.9,0.98,1
T0834,M01,NS_3,Welding,10.52,Active,Yes,3.71,73.9,0.98,0
T0835,M05,NS_3,Drilling,10.52,Overloaded,No,3.71,73.9,0.98,1
T0836,M04,NS_1,Drilling,10.52,Maintenance,Yes,3.71,73.9,0.98,1
T0837,M02,NS_3,Cutting,10.52,Active,Yes,3.71,73.9,0.98,0
T0838,M02,NS_1,Assembling,10.52,Idle,Yes,3.71,73.9,0.98,1
T0839,M03,NS_2,Cutting,10.52,Maintenance,Yes,3.71,73.9,0.98,1
T0840,M03,NS_1,Welding,10.52,Active,No,3.71,73.9,0.98,0
T0841,M05,NS_3,Cutting,10.52,Idle,No,3.71,73.9,0.98,1
T0842,M05,NS_2,Cutting,10.52,Overloaded,Yes,3.71,73.9,0.98,1
T0843,M01,NS_1,Cutting,10.52,Idle,Yes,3.71,73.9,0.98,0
T0844,M01,NS_1,Cutting,10.52,Maintenance,No,3.71,73.9,0.98,0
T0845,M05,NS_2,Assembling,10.52,Overloaded,No,3.71,73.9,0.98,1
T0846,M05,NS_2,Assembling,10.52,Active,Yes,3.71,73.9,0.98,1
T0847,M04,NS_1,Drilling,10.52,Overloaded,No,3.71,73.9,0.98,1
T0848,M03,NS_3,Welding,10.52,Active,No,3.71,73.9,0.98,1
T0849,M01,NS_1,Cutting,10.52,Active,Yes,3.71,73.9,0.98,1
T0850,M03,NS_2,Drilling,10.52,Idle,No,3.71,73.9,0.98,1
T0851,M03,NS_1,Drilling,10.52,Idle,No,3.71,73.9,0.98,1
T0852,M05,NS_2,Drilling,10.52,Idle,Yes,3.71,73.9,0.98,1
T0853,M04,NS_2,Assembling,10.52,Maintenance,Yes,3.71,73.9,0.98,1
T0854,M02,NS_3,Cutting,10.52,Maintenance,No,3.71,73.9,0.98,0
T0855,M04,NS_2,Cutting,10.52,Idle,Yes,3.71,73.9,0.98,0
T0856,M04,NS_2,Welding,10.52,Maintenance,No,3.71,73.9,0.98,1
T0857,M03,NS_3,Cutting,10.52,Overloaded,Yes,3.71,73.9,0.98,1
T0858,M04,NS_2,Cutting,10.52,Overloaded,No,3.71,73.9,0.98,1
T0859,M01,NS_3,Drilling,10.52,Maintenance,Yes,3.71,73.9,0.98,1
T0860,M03,NS_3,Welding,10.52,Maintenance,No,3.71,73.9,0.98,1
T0861,M01,NS_2,Cutting,10.52,Overloaded,No,3.71,73.9,0.98,1
T0862,M02,NS_2,Assembling,10.52,Active,No,3.71,73.9,0.98,1
T0863,M03,NS_1,Cutting,10.52,Overloaded,Yes,3.71,73.9,0.98,1
T0864,M02,NS_3,Drilling,10.52,Overloaded,Yes,3.71,73.9,0.98,1
T0865,M03,NS_1,Assembling,10.52,Maintenance,No,3.71,73.9,0.98,1
T0866,M05,NS_2,Drilling,10.52,Overloaded,No,3.71,73.9,0.98,1
T0867,M04,NS_1,Cutting,10.52,Maintenance,Yes,3.71,73.9,0.98,1
T0868,M05,NS_3,Assembling,10.52,Maintenance,Yes,3.71,73.9,0.98,1
T0869,M02,NS_1,Welding,10.52,Idle,Yes,3.71,73.9,0.98,1
T0870,M04,NS_3,Welding,10.52,Overloaded,Yes,3.71,73.9,0.98,1
T0871,M03,NS_2,Assembling,10.52,Active,Yes,3.71,73.9,0.98,0
T0872,M04,NS_2,Assembling,10.52,Idle,Yes,3.71,73.9,0.98,1
T0873,M01,NS_3,Drilling,10.52,Maintenance,No,3.71,73.9,0.98,1
T0874,M04,NS_2,Assembling,10.52,Maintenance,Yes,3.71,73.9,0.98,1
T0875,M01,NS_2,Drilling,10.52,Active,No,3.71,73.9,0.98,1
T0876,M04,NS_2,Cutting,10.52,Maintenance,Yes,3.71,73.9,0.98,1
T0877,M01,NS_2,Drilling,10.52,Overloaded,Yes,3.71,73.9,0.98,1
T0878,M02,NS_3,Assembling,10.52,Idle,No,3.71,73.9,0.98,1
T0879,M05,NS_1,Assembling,10.52,Maintenance,No,3.71,73.9,0.98,1
T0880,M03,NS_1,Cutting,10.52,Maintenance,Yes,3.71,73.9,0.98,1
T0881,M04,NS_2,Assembling,10.52,Active,No,3.71,73.9,0.98,1
T0882,M05,NS_1,Assembling,10.52,Overloaded,No,3.71,73.9,0.98,1
T0883,M03,NS_1,Welding,10.52,Maintenance,No,3.71,73.9,0.98,0
T0884,M03,NS_2,Welding,10.52,Active,No,3.71,73.9,0.98,1
T0885,M01,NS_2,Cutting,10.52,Maintenance,Yes,3.71,73.9,0.98,1
T0886,M02,NS_1,Drilling,10.52,Active,No,3.71,73.9,0.98,1
T0887,M02,NS_3,Welding,10.52,Active,Yes,3.71,73.9,0.98,0
T0888,M05,NS_2,Drilling,10.52,Overloaded,Yes,3.71,73.9,0.98,1
T0889,M02,NS_3,Assembling,10.52,Maintenance,Yes,3.71,73.9,0.98,1
T0890,M04,NS_1,Welding,10.52,Overloaded,Yes,3.71,73.9,0.98,0
T0891,M02,NS_2,Cutting,10.52,Active,No,3.71,73.9,0.98,1
T0892,M05,NS_3,Cutting,10.52,Idle,No,3.71,73.9,0.98,1
T0893,M02,NS_2,Cutting,10.52,Maintenance,Yes,3.71,73.9,0.98,1
T0894,M04,NS_1,Welding,10.52,Idle,Yes,3.71,73.9,0.98,1
T0895,M01,NS_3,Drilling,10.52,Maintenance,Yes,3.71,73.9,0.98,0
T0896,M05,NS_1,Assembling,10.52,Overloaded,Yes,3.71,73.9,0.98,1
T0897,M01,NS_1,Drilling,10.52,Overloaded,No,3.71,73.9,0.98,0
T0898,M01,NS_2,Drilling,10.52,Overloaded,Yes,3.71,73.9,0.98,1
T0899,M01,NS_3,Assembling,10.52,Overloaded,No,3.71,73.9,0.98,1
T0900,M03,NS_1,Assembling,10.52,Overloaded,Yes,3.71,73.9,0.98,1
T0901,M03,NS_1,Welding,10.52,Idle,Yes,3.71,73.9,0.98,0
T0902,M01,NS_3,Welding,10.52,Overloaded,Yes,3.71,73.9,0.98,1
T0903,M05,NS_1,Welding,10.52,Active,Yes,3.71,73.9,0.98,1
T0904,M04,NS_1,Welding,10.52,Active,No,3.71,73.9,0.98,1
T0905,M04,NS_3,Welding,10.52,Idle,No,3.71,73.9,0.98,1
T0906,M02,NS_3,Assembling,10.52,Maintenance,No,3.71,73.9,0.98,1
T0907,M05,NS_3,Drilling,10.52,Active,Yes,3.71,73.9,0.98,1
T0908,M03,NS_3,Welding,10.52,Maintenance,Yes,3.71,73.9,0.98,1
T0909,M01,NS_2,Welding,10.52,Idle,No,3.71,73.9,0.98,1
T0910,M02,NS_3,Drilling,10.52,Maintenance,No,3.71,73.9,0.98,0
T0911,M04,NS_2,Welding,10.52,Maintenance,Yes,3.71,73.9,0.98,1
T0912,M03,NS_2,Drilling,10.52,Maintenance,Yes,3.71,73.9,0.98,1
T0913,M03,NS_2,Drilling,10.52,Maintenance,No,3.71,73.9,0.98,1
T0914,M01,NS_1,Assembling,10.52,Idle,Yes,3.71,73.9,0.98,1
T0915,M04,NS_2,Cutting,10.52,Active,Yes,3.71,73.9,0.98,0
T0916,M05,NS_2,Assembling,10.52,Overloaded,No,3.71,73.9,0.98,1
T0917,M03,NS_1,Cutting,10.52,Maintenance,Yes,3.71,73.9,0.98,0
T0918,M01,NS_1,Cutting,10.52,Active,No,3.71,73.9,0.98,0
T0919,M05,NS_1,Cutting,10.52,Active,Yes,3.71,73.9,0.98,1
T0920,M04,NS_3,Welding,10.52,Idle,No,3.71,73.9,0.98,0
T0921,M03,NS_1,Assembling,10.52,Active,Yes,3.71,73.9,0.98,1
T0922,M05,NS_1,Cutting,10.52,Idle,No,3.71,73.9,0.98,0
T0923,M05,NS_2,Drilling,10.52,Maintenance,No,3.71,73.9,0.98,1
T0924,M05,NS_1,Welding,10.52,Maintenance,No,3.71,73.9,0.98,1
T0925,M03,NS_3,Assembling,10.52,Overloaded,No,3.71,73.9,0.98,1
T0926,M03,NS_1,Cutting,10.52,Overloaded,Yes,3.71,73.9,0.98,1
T0927,M02,NS_3,Drilling,10.52,Overloaded,Yes,3.71,73.9,0.98,1
T0928,M04,NS_1,Assembling,10.52,Active,No,3.71,73.9,0.98,1
T0929,M01,NS_1,Assembling,10.52,Maintenance,Yes,3.71,73.9,0.98,1
T0930,M05,NS_1,Welding,10.52,Idle,Yes,3.71,73.9,0.98,1
T0931,M02,NS_1,Assembling,10.52,Overloaded,Yes,3.71,73.9,0.98,1
T0932,M01,NS_3,Welding,10.52,Idle,Yes,3.71,73.9,0.98,1
T0933,M02,NS_3,Cutting,10.52,Idle,Yes,3.71,73.9,0.98,1
T0934,M03,NS_2,Welding,10.52,Overloaded,No,3.71,73.9,0.98,1
T0935,M05,NS_3,Drilling,10.52,Maintenance,No,3.71,73.9,0.98,1
T0936,M01,NS_1,Welding,10.52,Overloaded,No,3.71,73.9,0.98,1
T0937,M01,NS_2,Drilling,10.52,Idle,No,3.71,73.9,0.98,1
T0938,M01,NS_2,Welding,10.52,Overloaded,Yes,3.71,73.9,0.98,1
T0939,M01,NS_2,Assembling,10.52,Idle,Yes,3.71,73.9,0.98,1
T0940,M01,NS_1,Cutting,10.52,Idle,No,3.71,73.9,0.98,1
T0941,M02,NS_3,Drilling,10.52,Overloaded,Yes,3.71,73.9,0.98,1
T0942,M05,NS_1,Welding,10.52,Active,Yes,3.71,73.9,0.98,0
T0943,M03,NS_2,Welding,10.52,Overloaded,No,3.71,73.9,0.98,1
T0944,M03,NS_1,Welding,10.52,Active,Yes,3.71,73.9,0.98,1
T0945,M03,NS_1,Assembling,10.52,Idle,No,3.71,73.9,0.98,1
T0946,M03,NS_3,Assembling,10.52,Idle,No,3.71,73.9,0.98,1
T0947,M02,NS_3,Drilling,10.52,Active,Yes,3.71,73.9,0.98,1
T0948,M04,NS_2,Drilling,10.52,Idle,Yes,3.71,73.9,0.98,1
T0949,M05,NS_1,Assembling,10.52,Active,No,3.71,73.9,0.98,1
T0950,M01,NS_1,Drilling,10.52,Active,No,3.71,73.9,0.98,1
T0951,M04,NS_3,Cutting,10.52,Idle,Yes,3.71,73.9,0.98,1
T0952,M03,NS_1,Cutting,10.52,Maintenance,No,3.71,73.9,0.98,1
T0953,M04,NS_1,Assembling,10.52,Active,No,3.71,73.9,0.98,1
T0954,M05,NS_1,Drilling,10.52,Overloaded,No,3.71,73.9,0.98,1
T0955,M01,NS_3,Welding,10.52,Overloaded,Yes,3.71,73.9,0.98,1
T0956,M01,NS_2,Cutting,10.52,Idle,No,3.71,73.9,0.98,0
T0957,M05,NS_2,Assembling,10.52,Maintenance,Yes,3.71,73.9,0.98,1
T0958,M05,NS_1,Drilling,10.52,Idle,No,3.71,73.9,0.98,0
T0959,M03,NS_2,Assembling,10.52,Maintenance,Yes,3.71,73.9,0.98,1
T0960,M01,NS_3,Welding,10.52,Active,No,3.71,73.9,0.98,1
T0961,M04,NS_3,Cutting,10.52,Active,Yes,3.71,73.9,0.98,1
T0962,M02,NS_2,Assembling,10.52,Active,Yes,3.71,73.9,0.98,1
T0963,M02,NS_2,Assembling,10.52,Active,Yes,3.71,73.9,0.98,1
T0964,M05,NS_1,Assembling,10.52,Overloaded,No,3.71,73.9,0.98,1
T0965,M03,NS_2,Welding,10.52,Overloaded,No,3.71,73.9,0.98,1
T0966,M02,NS_1,Assembling,10.52,Idle,No,3.71,73.9,0.98,1
T0967,M01,NS_1,Welding,10.52,Maintenance,Yes,3.71,73.9,0.98,1
T0968,M05,NS_3,Welding,10.52,Active,No,3.71,73.9,0.98,1
T0969,M04,NS_3,Welding,10.52,Active,Yes,3.71,73.9,0.98,1
T0970,M05,NS_3,Cutting,10.52,Maintenance,No,3.71,73.9,0.98,1
T0971,M04,NS_3,Cutting,10.52,Maintenance,Yes,3.71,73.9,0.98,0
T0972,M05,NS_2,Assembling,10.52,Idle,Yes,3.71,73.9,0.98,1
T0973,M05,NS_3,Assembling,10.52,Maintenance,Yes,3.71,73.9,0.98,1
T0974,M05,NS_2,Cutting,10.52,Active,No,3.71,73.9,0.98,1
T0975,M04,NS_3,Drilling,10.52,Active,No,3.71,73.9,0.98,0
T0976,M04,NS_2,Cutting,10.52,Active,No,3.71,73.9,0.98,1
T0977,M05,NS_1,Welding,10.52,Active,Yes,3.71,73.9,0.98,0
T0978,M02,NS_2,Cutting,10.52,Active,Yes,3.71,73.9,0.98,1
T0979,M03,NS_2,Welding,10.52,Idle,No,3.71,73.9,0.98,1
T0980,M03,NS_3,Assembling,10.52,Active,No,3.71,73.9,0.98,1
T0981,M03,NS_2,Drilling,10.52,Idle,No,3.71,73.9,0.98,1
T0982,M04,NS_1,Assembling,10.52,Active,Yes,3.71,73.9,0.98,1
T0983,M04,NS_1,Welding,10.52,Overloaded,Yes,3.71,73.9,0.98,0
T0984,M02,NS_3,Welding,10.52,Overloaded,Yes,3.71,73.9,0.98,0
T0985,M03,NS_1,Welding,10.52,Overloaded,Yes,3.71,73.9,0.98,1
T0986,M03,NS_2,Drilling,10.52,Overloaded,Yes,3.71,73.9,0.98,1
T0987,M05,NS_1,Cutting,10.52,Idle,No,3.71,73.9,0.98,1
T0988,M04,NS_3,Assembling,10.52,Idle,Yes,3.71,73.9,0.98,0
T0989,M03,NS_2,Assembling,10.52,Maintenance,Yes,3.71,73.9,0.98,1
T0990,M02,NS_3,Cutting,10.52,Active,Yes,3.71,73.9,0.98,0
T0991,M02,NS_2,Assembling,10.52,Overloaded,Yes,3.71,73.9,0.98,0
T0992,M03,NS_1,Drilling,10.52,Idle,Yes,3.71,73.9,0.98,1
T0993,M04,NS_3,Assembling,10.52,Active,No,3.71,73.9,0.98,1
T0994,M02,NS_3,Welding,10.52,Active,Yes,3.71,73.9,0.98,0
T0995,M05,NS_2,Cutting,10.52,Idle,Yes,3.71,73.9,0.98,1
T0996,M02,NS_3,Drilling,10.52,Overloaded,Yes,3.71,73.9,0.98,0
T0997,M01,NS_2,Cutting,10.52,Maintenance,No,3.71,73.9,0.98,1
T0998,M01,NS_2,Drilling,10.52,Active,No,3.71,73.9,0.98,1
T0999,M04,NS_2,Welding,10.52,Maintenance,No,3.71,73.9,0.98,0
T1000,M03,NS_2,Cutting,10.52,Overloaded,Yes,3.71,73.9,0.98,1
